"season"	"date"	"gameLeague"	"team"	"HT_VT"	"Min"	"Gls"	"Ast"	"PK"	"PKatt"	"CrdY"	"CrdR"
"2017"	20170422	"FA Women's Super League 1"	"Bristol City"	"HT"	990	1	0	0	0	0	0
"2017"	20170422	"FA Women's Super League 1"	"Reading"	"VT"	990	3	2	0	0	0	0
"2017"	20170423	"FA Women's Super League 1"	"Birmingham City"	"HT"	990	0	0	0	0	0	0
"2017"	20170423	"FA Women's Super League 1"	"Sunderland"	"VT"	990	0	0	0	0	0	0
"2017"	20170423	"FA Women's Super League 1"	"Yeovil Town"	"HT"	990	1	0	1	1	1	0
"2017"	20170423	"FA Women's Super League 1"	"Liverpool"	"VT"	990	4	3	1	1	3	0
"2017"	20170428	"FA Women's Super League 1"	"Liverpool"	"HT"	990	4	4	0	0	0	0
"2017"	20170428	"FA Women's Super League 1"	"Reading"	"VT"	990	2	1	0	0	1	0
"2017"	20170503	"FA Women's Super League 1"	"Yeovil Town"	"HT"	990	2	1	0	0	0	0
"2017"	20170503	"FA Women's Super League 1"	"Bristol City"	"VT"	990	2	1	1	1	0	0
"2017"	20170503	"FA Women's Super League 1"	"Manchester City"	"HT"	990	1	1	0	0	0	0
"2017"	20170503	"FA Women's Super League 1"	"Birmingham City"	"VT"	990	1	1	0	0	0	0
"2017"	20170503	"FA Women's Super League 1"	"Reading"	"HT"	990	0	0	0	0	3	0
"2017"	20170503	"FA Women's Super League 1"	"Chelsea"	"VT"	990	4	3	0	0	1	0
"2017"	20170504	"FA Women's Super League 1"	"Arsenal"	"HT"	990	4	3	0	0	0	0
"2017"	20170504	"FA Women's Super League 1"	"Liverpool"	"VT"	990	4	2	0	0	0	0
"2017"	20170506	"FA Women's Super League 1"	"Sunderland"	"HT"	990	1	0	1	1	0	0
"2017"	20170506	"FA Women's Super League 1"	"Bristol City"	"VT"	990	0	0	0	0	0	0
"2017"	20170507	"FA Women's Super League 1"	"Birmingham City"	"HT"	990	0	0	0	0	0	0
"2017"	20170507	"FA Women's Super League 1"	"Liverpool"	"VT"	990	2	1	0	0	0	0
"2017"	20170507	"FA Women's Super League 1"	"Reading"	"HT"	990	2	1	1	1	2	0
"2017"	20170507	"FA Women's Super League 1"	"Manchester City"	"VT"	990	3	1	0	0	1	0
"2017"	20170507	"FA Women's Super League 1"	"Yeovil Town"	"HT"	990	1	0	0	0	0	0
"2017"	20170507	"FA Women's Super League 1"	"Arsenal"	"VT"	990	4	2	2	2	0	0
"2017"	20170509	"FA Women's Super League 1"	"Bristol City"	"HT"	990	0	0	0	0	0	0
"2017"	20170509	"FA Women's Super League 1"	"Manchester City"	"VT"	990	3	2	1	1	0	0
"2017"	20170517	"FA Women's Super League 1"	"Liverpool"	"HT"	990	4	3	0	0	0	0
"2017"	20170517	"FA Women's Super League 1"	"Sunderland"	"VT"	990	0	0	0	0	0	0
"2017"	20170517	"FA Women's Super League 1"	"Chelsea"	"HT"	990	2	2	0	0	2	0
"2017"	20170517	"FA Women's Super League 1"	"Arsenal"	"VT"	990	2	1	0	1	2	0
"2017"	20170517	"FA Women's Super League 1"	"Yeovil Town"	"HT"	990	0	0	0	0	4	0
"2017"	20170517	"FA Women's Super League 1"	"Reading"	"VT"	990	1	1	0	0	4	0
"2017"	20170517	"FA Women's Super League 1"	"Birmingham City"	"HT"	990	2	2	0	0	0	0
"2017"	20170517	"FA Women's Super League 1"	"Bristol City"	"VT"	990	0	0	0	0	1	0
"2017"	20170520	"FA Women's Super League 1"	"Arsenal"	"HT"	990	4	4	0	0	0	0
"2017"	20170520	"FA Women's Super League 1"	"Birmingham City"	"VT"	990	2	2	0	0	1	0
"2017"	20170520	"FA Women's Super League 1"	"Bristol City"	"HT"	990	1	1	0	0	0	0
"2017"	20170520	"FA Women's Super League 1"	"Liverpool"	"VT"	988	1	1	0	0	1	1
"2017"	20170521	"FA Women's Super League 1"	"Manchester City"	"HT"	989	4	2	0	0	0	1
"2017"	20170521	"FA Women's Super League 1"	"Yeovil Town"	"VT"	990	1	0	0	1	0	0
"2017"	20170521	"FA Women's Super League 1"	"Sunderland"	"HT"	990	0	0	0	0	1	0
"2017"	20170521	"FA Women's Super League 1"	"Chelsea"	"VT"	990	7	6	0	1	0	0
"2017"	20170525	"FA Women's Super League 1"	"Manchester City"	"HT"	990	1	1	0	0	0	0
"2017"	20170525	"FA Women's Super League 1"	"Chelsea"	"VT"	990	0	0	0	0	0	0
"2017"	20170528	"FA Women's Super League 1"	"Reading"	"HT"	944	1	0	1	1	2	1
"2017"	20170528	"FA Women's Super League 1"	"Birmingham City"	"VT"	990	1	1	0	0	3	0
"2017"	20170528	"FA Women's Super League 1"	"Manchester City"	"HT"	990	0	0	0	0	0	0
"2017"	20170528	"FA Women's Super League 1"	"Arsenal"	"VT"	990	1	0	0	0	1	0
"2017"	20170528	"FA Women's Super League 1"	"Yeovil Town"	"HT"	990	1	1	0	1	0	0
"2017"	20170528	"FA Women's Super League 1"	"Sunderland"	"VT"	990	2	0	0	0	0	0
"2017"	20170528	"FA Women's Super League 1"	"Chelsea"	"HT"	990	7	6	0	0	0	0
"2017"	20170528	"FA Women's Super League 1"	"Liverpool"	"VT"	990	0	0	0	0	1	0
"2017"	20170531	"FA Women's Super League 1"	"Birmingham City"	"HT"	990	0	0	0	0	1	0
"2017"	20170531	"FA Women's Super League 1"	"Yeovil Town"	"VT"	990	0	0	0	0	1	0
"2017"	20170531	"FA Women's Super League 1"	"Arsenal"	"HT"	990	1	1	0	0	0	0
"2017"	20170531	"FA Women's Super League 1"	"Reading"	"VT"	990	0	0	0	0	2	0
"2017"	20170531	"FA Women's Super League 1"	"Bristol City"	"HT"	990	0	0	0	0	0	0
"2017"	20170531	"FA Women's Super League 1"	"Chelsea"	"VT"	990	4	3	0	0	1	0
"2017"	20170531	"FA Women's Super League 1"	"Sunderland"	"HT"	990	0	0	0	0	0	0
"2017"	20170531	"FA Women's Super League 1"	"Manchester City"	"VT"	990	1	1	0	0	0	0
"2017"	20170603	"FA Women's Super League 1"	"Liverpool"	"HT"	990	1	1	0	0	0	0
"2017"	20170603	"FA Women's Super League 1"	"Manchester City"	"VT"	990	3	2	0	0	0	0
"2017"	20170603	"FA Women's Super League 1"	"Birmingham City"	"HT"	990	0	0	0	0	1	0
"2017"	20170603	"FA Women's Super League 1"	"Chelsea"	"VT"	990	2	0	1	1	0	0
"2017"	20170603	"FA Women's Super League 1"	"Sunderland"	"HT"	990	1	1	0	0	2	0
"2017"	20170603	"FA Women's Super League 1"	"Reading"	"VT"	990	1	1	0	0	1	0
"2017"	20170603	"FA Women's Super League 1"	"Bristol City"	"HT"	990	0	0	0	0	1	0
"2017"	20170603	"FA Women's Super League 1"	"Arsenal"	"VT"	990	5	5	0	0	1	0
"20172018"	20170922	"FA Women's Super League 1"	"Chelsea"	"HT"	990	6	4	0	0	0	0
"20172018"	20170922	"FA Women's Super League 1"	"Bristol City"	"VT"	990	0	0	0	0	1	0
"20172018"	20170922	"FA Women's Super League 1"	"Everton"	"HT"	990	0	0	0	0	1	0
"20172018"	20170922	"FA Women's Super League 1"	"Liverpool"	"VT"	990	2	0	0	0	1	0
"20172018"	20170924	"FA Women's Super League 1"	"Yeovil Town"	"HT"	990	0	0	0	0	0	0
"20172018"	20170924	"FA Women's Super League 1"	"Manchester City"	"VT"	990	4	3	1	1	0	0
"20172018"	20170924	"FA Women's Super League 1"	"Arsenal"	"HT"	979	3	2	1	1	1	1
"20172018"	20170924	"FA Women's Super League 1"	"Birmingham City"	"VT"	990	2	2	0	0	2	0
"20172018"	20170924	"FA Women's Super League 1"	"Reading"	"HT"	990	0	0	0	0	2	0
"20172018"	20170924	"FA Women's Super League 1"	"Sunderland"	"VT"	990	1	0	0	0	1	0
"20172018"	20170929	"FA Women's Super League 1"	"Liverpool"	"HT"	990	0	0	0	0	0	0
"20172018"	20170929	"FA Women's Super League 1"	"Reading"	"VT"	990	3	1	0	0	0	0
"20172018"	20170930	"FA Women's Super League 1"	"Bristol City"	"HT"	990	1	1	0	0	4	0
"20172018"	20170930	"FA Women's Super League 1"	"Yeovil Town"	"VT"	990	0	0	0	0	1	0
"20172018"	20170930	"FA Women's Super League 1"	"Sunderland"	"HT"	990	0	0	0	0	1	0
"20172018"	20170930	"FA Women's Super League 1"	"Chelsea"	"VT"	990	6	6	0	0	0	0
"20172018"	20170930	"FA Women's Super League 1"	"Manchester City"	"HT"	990	5	3	0	0	0	0
"20172018"	20170930	"FA Women's Super League 1"	"Arsenal"	"VT"	990	2	1	0	0	1	0
"20172018"	20171001	"FA Women's Super League 1"	"Birmingham City"	"HT"	990	2	1	0	0	0	0
"20172018"	20171001	"FA Women's Super League 1"	"Everton"	"VT"	990	1	0	0	0	3	0
"20172018"	20171007	"FA Women's Super League 1"	"Everton"	"HT"	990	2	1	0	0	1	0
"20172018"	20171007	"FA Women's Super League 1"	"Manchester City"	"VT"	990	3	2	0	0	0	0
"20172018"	20171007	"FA Women's Super League 1"	"Chelsea"	"HT"	990	1	0	0	0	1	0
"20172018"	20171007	"FA Women's Super League 1"	"Liverpool"	"VT"	990	0	0	0	0	0	0
"20172018"	20171008	"FA Women's Super League 1"	"Yeovil Town"	"HT"	990	0	0	0	0	1	0
"20172018"	20171008	"FA Women's Super League 1"	"Sunderland"	"VT"	990	1	0	0	0	2	0
"20172018"	20171008	"FA Women's Super League 1"	"Reading"	"HT"	990	2	1	1	1	2	0
"20172018"	20171008	"FA Women's Super League 1"	"Birmingham City"	"VT"	990	2	0	1	1	2	0
"20172018"	20171008	"FA Women's Super League 1"	"Arsenal"	"HT"	990	1	1	0	0	0	0
"20172018"	20171008	"FA Women's Super League 1"	"Bristol City"	"VT"	990	1	1	0	0	2	0
"20172018"	20171028	"FA Women's Super League 1"	"Sunderland"	"HT"	990	1	0	0	0	1	0
"20172018"	20171028	"FA Women's Super League 1"	"Liverpool"	"VT"	990	4	2	0	0	2	0
"20172018"	20171028	"FA Women's Super League 1"	"Bristol City"	"HT"	990	0	0	0	0	2	0
"20172018"	20171028	"FA Women's Super League 1"	"Reading"	"VT"	990	5	4	0	1	1	0
"20172018"	20171029	"FA Women's Super League 1"	"Manchester City"	"HT"	990	3	1	2	2	0	0
"20172018"	20171029	"FA Women's Super League 1"	"Birmingham City"	"VT"	977	1	1	0	0	2	1
"20172018"	20171029	"FA Women's Super League 1"	"Everton"	"HT"	990	0	0	0	0	0	0
"20172018"	20171029	"FA Women's Super League 1"	"Arsenal"	"VT"	990	2	2	0	0	0	0
"20172018"	20171029	"FA Women's Super League 1"	"Chelsea"	"HT"	990	6	5	0	0	1	0
"20172018"	20171029	"FA Women's Super League 1"	"Yeovil Town"	"VT"	990	0	0	0	0	0	0
"20172018"	20171111	"FA Women's Super League 1"	"Yeovil Town"	"HT"	990	0	0	0	0	1	0
"20172018"	20171111	"FA Women's Super League 1"	"Everton"	"VT"	990	2	1	1	1	0	0
"20172018"	20171111	"FA Women's Super League 1"	"Liverpool"	"HT"	990	1	1	0	0	1	0
"20172018"	20171111	"FA Women's Super League 1"	"Birmingham City"	"VT"	990	0	0	0	0	1	0
"20172018"	20171112	"FA Women's Super League 1"	"Arsenal"	"HT"	990	3	2	0	0	0	0
"20172018"	20171112	"FA Women's Super League 1"	"Sunderland"	"VT"	990	0	0	0	0	2	0
"20172018"	20171112	"FA Women's Super League 1"	"Manchester City"	"HT"	990	4	3	1	1	0	0
"20172018"	20171112	"FA Women's Super League 1"	"Bristol City"	"VT"	990	0	0	0	0	0	0
"20172018"	20171112	"FA Women's Super League 1"	"Reading"	"HT"	990	1	0	0	0	2	0
"20172018"	20171112	"FA Women's Super League 1"	"Chelsea"	"VT"	990	2	1	0	0	2	0
"20172018"	20171210	"FA Women's Super League 1"	"Everton"	"HT"	990	5	4	0	0	0	0
"20172018"	20171210	"FA Women's Super League 1"	"Sunderland"	"VT"	990	1	1	0	0	0	0
"20172018"	20180106	"FA Women's Super League 1"	"Sunderland"	"HT"	990	3	1	0	0	1	0
"20172018"	20180106	"FA Women's Super League 1"	"Birmingham City"	"VT"	990	0	0	0	0	1	0
"20172018"	20180106	"FA Women's Super League 1"	"Bristol City"	"HT"	990	2	1	1	1	0	0
"20172018"	20180106	"FA Women's Super League 1"	"Everton"	"VT"	990	2	1	0	0	0	0
"20172018"	20180106	"FA Women's Super League 1"	"Liverpool"	"HT"	990	7	5	0	0	0	0
"20172018"	20180106	"FA Women's Super League 1"	"Yeovil Town"	"VT"	990	0	0	0	0	0	0
"20172018"	20180107	"FA Women's Super League 1"	"Chelsea"	"HT"	990	2	1	0	0	0	0
"20172018"	20180107	"FA Women's Super League 1"	"Arsenal"	"VT"	990	2	1	0	0	0	0
"20172018"	20180107	"FA Women's Super League 1"	"Reading"	"HT"	990	2	1	0	0	1	0
"20172018"	20180107	"FA Women's Super League 1"	"Manchester City"	"VT"	990	5	5	0	0	0	0
"20172018"	20180114	"FA Women's Super League 1"	"Birmingham City"	"HT"	990	2	0	1	1	0	0
"20172018"	20180114	"FA Women's Super League 1"	"Bristol City"	"VT"	990	0	0	0	0	1	0
"20172018"	20180127	"FA Women's Super League 1"	"Liverpool"	"HT"	990	2	1	0	0	0	0
"20172018"	20180127	"FA Women's Super League 1"	"Bristol City"	"VT"	990	0	0	0	0	0	0
"20172018"	20180128	"FA Women's Super League 1"	"Reading"	"HT"	990	0	0	0	0	2	0
"20172018"	20180128	"FA Women's Super League 1"	"Arsenal"	"VT"	990	0	0	0	0	3	0
"20172018"	20180128	"FA Women's Super League 1"	"Sunderland"	"HT"	990	0	0	0	0	2	0
"20172018"	20180128	"FA Women's Super League 1"	"Manchester City"	"VT"	990	3	3	0	0	0	0
"20172018"	20180128	"FA Women's Super League 1"	"Chelsea"	"HT"	990	1	1	0	0	1	0
"20172018"	20180128	"FA Women's Super League 1"	"Everton"	"VT"	990	0	0	0	1	0	0
"20172018"	20180128	"FA Women's Super League 1"	"Birmingham City"	"HT"	990	3	2	1	1	0	0
"20172018"	20180128	"FA Women's Super League 1"	"Yeovil Town"	"VT"	990	0	0	0	0	0	0
"20172018"	20180201	"FA Women's Super League 1"	"Chelsea"	"HT"	990	0	0	0	0	2	0
"20172018"	20180201	"FA Women's Super League 1"	"Manchester City"	"VT"	990	0	0	0	0	1	0
"20172018"	20180207	"FA Women's Super League 1"	"Liverpool"	"HT"	990	0	0	0	0	0	0
"20172018"	20180207	"FA Women's Super League 1"	"Arsenal"	"VT"	990	3	2	0	1	0	0
"20172018"	20180210	"FA Women's Super League 1"	"Birmingham City"	"HT"	990	0	0	0	0	0	0
"20172018"	20180210	"FA Women's Super League 1"	"Chelsea"	"VT"	990	2	1	0	0	0	0
"20172018"	20180210	"FA Women's Super League 1"	"Bristol City"	"HT"	990	1	1	0	0	1	0
"20172018"	20180210	"FA Women's Super League 1"	"Sunderland"	"VT"	990	2	1	0	0	0	0
"20172018"	20180211	"FA Women's Super League 1"	"Arsenal"	"HT"	990	4	3	0	0	0	0
"20172018"	20180211	"FA Women's Super League 1"	"Yeovil Town"	"VT"	990	0	0	0	0	0	0
"20172018"	20180211	"FA Women's Super League 1"	"Everton"	"HT"	990	2	1	0	0	1	0
"20172018"	20180211	"FA Women's Super League 1"	"Reading"	"VT"	990	1	1	0	0	3	0
"20172018"	20180211	"FA Women's Super League 1"	"Manchester City"	"HT"	990	4	1	1	1	0	0
"20172018"	20180211	"FA Women's Super League 1"	"Liverpool"	"VT"	990	0	0	0	0	0	0
"20172018"	20180221	"FA Women's Super League 1"	"Birmingham City"	"HT"	990	2	1	0	0	2	0
"20172018"	20180221	"FA Women's Super League 1"	"Manchester City"	"VT"	990	0	0	0	0	0	0
"20172018"	20180221	"FA Women's Super League 1"	"Reading"	"HT"	990	4	3	0	0	0	0
"20172018"	20180221	"FA Women's Super League 1"	"Bristol City"	"VT"	990	0	0	0	0	1	0
"20172018"	20180221	"FA Women's Super League 1"	"Liverpool"	"HT"	990	3	3	0	0	1	0
"20172018"	20180221	"FA Women's Super League 1"	"Sunderland"	"VT"	990	1	1	0	0	0	0
"20172018"	20180221	"FA Women's Super League 1"	"Yeovil Town"	"HT"	990	0	0	0	0	0	0
"20172018"	20180221	"FA Women's Super League 1"	"Chelsea"	"VT"	990	1	1	0	0	0	0
"20172018"	20180223	"FA Women's Super League 1"	"Arsenal"	"HT"	990	1	1	0	0	2	0
"20172018"	20180223	"FA Women's Super League 1"	"Everton"	"VT"	990	0	0	0	0	2	0
"20172018"	20180224	"FA Women's Super League 1"	"Manchester City"	"HT"	990	2	2	0	0	0	0
"20172018"	20180224	"FA Women's Super League 1"	"Chelsea"	"VT"	990	2	2	0	0	1	0
"20172018"	20180325	"FA Women's Super League 1"	"Chelsea"	"HT"	990	2	2	0	0	2	0
"20172018"	20180325	"FA Women's Super League 1"	"Reading"	"VT"	990	2	0	1	1	2	0
"20172018"	20180325	"FA Women's Super League 1"	"Birmingham City"	"HT"	990	3	3	0	0	0	0
"20172018"	20180325	"FA Women's Super League 1"	"Liverpool"	"VT"	990	0	0	0	0	0	0
"20172018"	20180328	"FA Women's Super League 1"	"Bristol City"	"HT"	990	0	0	0	0	2	0
"20172018"	20180328	"FA Women's Super League 1"	"Birmingham City"	"VT"	990	2	1	0	0	1	0
"20172018"	20180328	"FA Women's Super League 1"	"Reading"	"HT"	990	3	3	0	1	0	0
"20172018"	20180328	"FA Women's Super League 1"	"Yeovil Town"	"VT"	990	0	0	0	0	1	0
"20172018"	20180328	"FA Women's Super League 1"	"Sunderland"	"HT"	990	1	0	0	0	1	0
"20172018"	20180328	"FA Women's Super League 1"	"Everton"	"VT"	990	1	1	0	0	0	0
"20172018"	20180401	"FA Women's Super League 1"	"Birmingham City"	"HT"	990	2	2	0	0	0	0
"20172018"	20180401	"FA Women's Super League 1"	"Sunderland"	"VT"	990	0	0	0	0	0	0
"20172018"	20180401	"FA Women's Super League 1"	"Yeovil Town"	"HT"	990	0	0	0	0	0	0
"20172018"	20180401	"FA Women's Super League 1"	"Liverpool"	"VT"	990	4	2	0	0	0	0
"20172018"	20180401	"FA Women's Super League 1"	"Arsenal"	"HT"	990	1	0	0	0	0	0
"20172018"	20180401	"FA Women's Super League 1"	"Chelsea"	"VT"	990	1	1	0	0	1	0
"20172018"	20180401	"FA Women's Super League 1"	"Manchester City"	"HT"	990	0	0	0	0	0	0
"20172018"	20180401	"FA Women's Super League 1"	"Reading"	"VT"	980	2	2	0	0	1	1
"20172018"	20180413	"FA Women's Super League 1"	"Yeovil Town"	"HT"	990	0	0	0	0	3	0
"20172018"	20180413	"FA Women's Super League 1"	"Reading"	"VT"	990	4	4	0	0	2	0
"20172018"	20180418	"FA Women's Super League 1"	"Arsenal"	"HT"	990	3	3	0	0	1	0
"20172018"	20180418	"FA Women's Super League 1"	"Reading"	"VT"	990	1	0	0	0	3	0
"20172018"	20180418	"FA Women's Super League 1"	"Everton"	"HT"	990	0	0	0	0	0	0
"20172018"	20180418	"FA Women's Super League 1"	"Chelsea"	"VT"	990	1	1	0	0	0	0
"20172018"	20180418	"FA Women's Super League 1"	"Manchester City"	"HT"	990	3	3	0	0	0	0
"20172018"	20180418	"FA Women's Super League 1"	"Sunderland"	"VT"	990	0	0	0	0	2	0
"20172018"	20180418	"FA Women's Super League 1"	"Bristol City"	"HT"	990	0	0	0	0	0	0
"20172018"	20180418	"FA Women's Super League 1"	"Liverpool"	"VT"	990	2	1	1	1	1	0
"20172018"	20180418	"FA Women's Super League 1"	"Yeovil Town"	"HT"	990	0	0	0	0	0	0
"20172018"	20180418	"FA Women's Super League 1"	"Birmingham City"	"VT"	990	0	0	0	0	0	0
"20172018"	20180421	"FA Women's Super League 1"	"Sunderland"	"HT"	990	1	1	0	0	1	0
"20172018"	20180421	"FA Women's Super League 1"	"Bristol City"	"VT"	990	2	1	0	1	1	0
"20172018"	20180421	"FA Women's Super League 1"	"Yeovil Town"	"HT"	990	0	0	0	0	1	0
"20172018"	20180421	"FA Women's Super League 1"	"Arsenal"	"VT"	990	0	0	0	0	1	0
"20172018"	20180422	"FA Women's Super League 1"	"Reading"	"HT"	990	3	2	0	0	1	0
"20172018"	20180422	"FA Women's Super League 1"	"Everton"	"VT"	990	0	0	0	0	3	0
"20172018"	20180424	"FA Women's Super League 1"	"Arsenal"	"HT"	990	3	1	0	0	0	0
"20172018"	20180424	"FA Women's Super League 1"	"Liverpool"	"VT"	990	0	0	0	0	0	0
"20172018"	20180429	"FA Women's Super League 1"	"Liverpool"	"HT"	990	1	0	0	0	1	0
"20172018"	20180429	"FA Women's Super League 1"	"Everton"	"VT"	990	1	0	0	0	1	0
"20172018"	20180429	"FA Women's Super League 1"	"Sunderland"	"HT"	990	0	0	0	0	0	0
"20172018"	20180429	"FA Women's Super League 1"	"Reading"	"VT"	974	2	2	0	0	3	1
"20172018"	20180429	"FA Women's Super League 1"	"Birmingham City"	"HT"	990	3	3	0	1	0	0
"20172018"	20180429	"FA Women's Super League 1"	"Arsenal"	"VT"	990	0	0	0	0	1	0
"20172018"	20180503	"FA Women's Super League 1"	"Bristol City"	"HT"	990	1	0	0	0	1	0
"20172018"	20180503	"FA Women's Super League 1"	"Manchester City"	"VT"	990	6	2	0	0	1	0
"20172018"	20180506	"FA Women's Super League 1"	"Everton"	"HT"	990	1	1	0	0	0	0
"20172018"	20180506	"FA Women's Super League 1"	"Bristol City"	"VT"	990	2	1	0	0	0	0
"20172018"	20180508	"FA Women's Super League 1"	"Liverpool"	"HT"	990	1	1	0	0	0	0
"20172018"	20180508	"FA Women's Super League 1"	"Manchester City"	"VT"	990	0	0	0	0	0	0
"20172018"	20180509	"FA Women's Super League 1"	"Chelsea"	"HT"	990	2	2	0	0	0	0
"20172018"	20180509	"FA Women's Super League 1"	"Birmingham City"	"VT"	990	1	1	0	0	0	0
"20172018"	20180509	"FA Women's Super League 1"	"Everton"	"HT"	990	3	2	1	2	0	0
"20172018"	20180509	"FA Women's Super League 1"	"Yeovil Town"	"VT"	990	1	0	0	0	0	0
"20172018"	20180512	"FA Women's Super League 1"	"Arsenal"	"HT"	990	2	2	0	0	0	0
"20172018"	20180512	"FA Women's Super League 1"	"Manchester City"	"VT"	990	1	1	0	0	1	0
"20172018"	20180512	"FA Women's Super League 1"	"Reading"	"HT"	990	3	0	0	0	2	0
"20172018"	20180512	"FA Women's Super League 1"	"Liverpool"	"VT"	990	0	0	0	0	0	0
"20172018"	20180512	"FA Women's Super League 1"	"Chelsea"	"HT"	990	2	2	0	0	0	0
"20172018"	20180512	"FA Women's Super League 1"	"Sunderland"	"VT"	990	1	1	0	0	0	0
"20172018"	20180512	"FA Women's Super League 1"	"Yeovil Town"	"HT"	990	0	0	0	0	0	0
"20172018"	20180512	"FA Women's Super League 1"	"Bristol City"	"VT"	990	2	1	0	0	1	0
"20172018"	20180513	"FA Women's Super League 1"	"Everton"	"HT"	990	0	0	0	0	1	0
"20172018"	20180513	"FA Women's Super League 1"	"Birmingham City"	"VT"	990	3	1	0	0	1	0
"20172018"	20180515	"FA Women's Super League 1"	"Bristol City"	"HT"	990	0	0	0	0	0	0
"20172018"	20180515	"FA Women's Super League 1"	"Chelsea"	"VT"	990	2	2	0	0	0	0
"20172018"	20180516	"FA Women's Super League 1"	"Sunderland"	"HT"	990	0	0	0	0	1	0
"20172018"	20180516	"FA Women's Super League 1"	"Arsenal"	"VT"	990	2	2	0	0	0	0
"20172018"	20180516	"FA Women's Super League 1"	"Manchester City"	"HT"	990	5	4	1	1	0	0
"20172018"	20180516	"FA Women's Super League 1"	"Yeovil Town"	"VT"	990	0	0	0	0	0	0
"20172018"	20180520	"FA Women's Super League 1"	"Sunderland"	"HT"	990	2	1	0	0	0	0
"20172018"	20180520	"FA Women's Super League 1"	"Yeovil Town"	"VT"	990	1	1	0	0	0	0
"20172018"	20180520	"FA Women's Super League 1"	"Liverpool"	"HT"	990	2	0	0	0	0	0
"20172018"	20180520	"FA Women's Super League 1"	"Chelsea"	"VT"	990	3	2	0	0	0	0
"20172018"	20180520	"FA Women's Super League 1"	"Bristol City"	"HT"	990	1	0	0	0	0	0
"20172018"	20180520	"FA Women's Super League 1"	"Arsenal"	"VT"	990	6	3	1	1	0	0
"20172018"	20180520	"FA Women's Super League 1"	"Manchester City"	"HT"	990	3	2	0	0	1	0
"20172018"	20180520	"FA Women's Super League 1"	"Everton"	"VT"	990	0	0	0	0	0	0
"20172018"	20180520	"FA Women's Super League 1"	"Birmingham City"	"HT"	990	1	1	0	0	2	0
"20172018"	20180520	"FA Women's Super League 1"	"Reading"	"VT"	990	1	1	0	0	1	0
"20182019"	20180909	"FA Women's Super League"	"Birmingham City"	"HT"	990	1	1	0	0	0	0
"20182019"	20180909	"FA Women's Super League"	"Everton"	"VT"	990	0	0	0	0	0	0
"20182019"	20180909	"FA Women's Super League"	"Brighton & Hove Albion"	"HT"	990	0	0	0	0	0	0
"20182019"	20180909	"FA Women's Super League"	"Bristol City"	"VT"	990	1	0	0	0	0	0
"20182019"	20180909	"FA Women's Super League"	"Chelsea"	"HT"	990	0	0	0	0	1	0
"20182019"	20180909	"FA Women's Super League"	"Manchester City"	"VT"	990	0	0	0	0	2	0
"20182019"	20180909	"FA Women's Super League"	"Arsenal"	"HT"	990	5	4	0	0	0	0
"20182019"	20180909	"FA Women's Super League"	"Liverpool"	"VT"	990	0	0	0	0	1	0
"20182019"	20180909	"FA Women's Super League"	"Reading"	"HT"	990	4	2	1	1	0	0
"20182019"	20180909	"FA Women's Super League"	"Yeovil Town"	"VT"	990	0	0	0	0	1	0
"20182019"	20180919	"FA Women's Super League"	"Bristol City"	"HT"	990	0	0	0	0	0	0
"20182019"	20180919	"FA Women's Super League"	"Chelsea"	"VT"	990	0	0	0	0	0	0
"20182019"	20180919	"FA Women's Super League"	"West Ham United"	"HT"	990	0	0	0	0	2	0
"20182019"	20180919	"FA Women's Super League"	"Reading"	"VT"	990	0	0	0	0	1	0
"20182019"	20180919	"FA Women's Super League"	"Birmingham City"	"HT"	990	1	0	1	1	0	0
"20182019"	20180919	"FA Women's Super League"	"Brighton & Hove Albion"	"VT"	990	0	0	0	0	2	0
"20182019"	20180919	"FA Women's Super League"	"Yeovil Town"	"HT"	990	0	0	0	0	0	0
"20182019"	20180919	"FA Women's Super League"	"Arsenal"	"VT"	990	7	6	0	0	0	0
"20182019"	20180920	"FA Women's Super League"	"Everton"	"HT"	990	0	0	0	0	0	0
"20182019"	20180920	"FA Women's Super League"	"Manchester City"	"VT"	990	4	3	0	0	0	0
"20182019"	20180923	"FA Women's Super League"	"Brighton & Hove Albion"	"HT"	990	0	0	0	0	0	0
"20182019"	20180923	"FA Women's Super League"	"Liverpool"	"VT"	990	1	0	0	0	1	0
"20182019"	20180923	"FA Women's Super League"	"Manchester City"	"HT"	990	2	1	1	1	1	0
"20182019"	20180923	"FA Women's Super League"	"Bristol City"	"VT"	990	2	0	0	0	0	0
"20182019"	20180923	"FA Women's Super League"	"Reading"	"HT"	990	0	0	0	0	1	0
"20182019"	20180923	"FA Women's Super League"	"Birmingham City"	"VT"	990	1	1	0	0	1	0
"20182019"	20180923	"FA Women's Super League"	"Everton"	"HT"	990	0	0	0	0	0	0
"20182019"	20180923	"FA Women's Super League"	"Chelsea"	"VT"	990	0	0	0	0	2	0
"20182019"	20180923	"FA Women's Super League"	"Arsenal"	"HT"	990	4	3	0	0	0	0
"20182019"	20180923	"FA Women's Super League"	"West Ham United"	"VT"	990	3	1	0	0	0	0
"20182019"	20180930	"FA Women's Super League"	"West Ham United"	"HT"	990	2	1	0	0	2	0
"20182019"	20180930	"FA Women's Super League"	"Yeovil Town"	"VT"	990	1	0	0	0	0	0
"20182019"	20180930	"FA Women's Super League"	"Liverpool"	"HT"	956	0	0	0	0	1	1
"20182019"	20180930	"FA Women's Super League"	"Reading"	"VT"	990	1	1	0	0	1	0
"20182019"	20180930	"FA Women's Super League"	"Birmingham City"	"HT"	990	1	1	0	0	0	0
"20182019"	20180930	"FA Women's Super League"	"Manchester City"	"VT"	990	3	2	0	0	1	0
"20182019"	20180930	"FA Women's Super League"	"Chelsea"	"HT"	990	2	2	0	0	1	0
"20182019"	20180930	"FA Women's Super League"	"Brighton & Hove Albion"	"VT"	990	0	0	0	0	0	0
"20182019"	20181014	"FA Women's Super League"	"Bristol City"	"HT"	990	0	0	0	0	0	0
"20182019"	20181014	"FA Women's Super League"	"Birmingham City"	"VT"	990	1	1	0	1	1	0
"20182019"	20181014	"FA Women's Super League"	"Chelsea"	"HT"	990	0	0	0	0	1	0
"20182019"	20181014	"FA Women's Super League"	"Arsenal"	"VT"	990	5	4	1	1	0	0
"20182019"	20181014	"FA Women's Super League"	"Everton"	"HT"	990	3	3	0	0	1	0
"20182019"	20181014	"FA Women's Super League"	"Brighton & Hove Albion"	"VT"	990	3	3	0	0	0	0
"20182019"	20181014	"FA Women's Super League"	"Liverpool"	"HT"	990	2	2	0	0	1	0
"20182019"	20181014	"FA Women's Super League"	"Yeovil Town"	"VT"	990	1	1	0	0	0	0
"20182019"	20181014	"FA Women's Super League"	"Manchester City"	"HT"	990	7	5	0	0	0	0
"20182019"	20181014	"FA Women's Super League"	"West Ham United"	"VT"	990	1	1	0	0	0	0
"20182019"	20181021	"FA Women's Super League"	"West Ham United"	"HT"	990	0	0	0	0	1	0
"20182019"	20181021	"FA Women's Super League"	"Liverpool"	"VT"	990	1	0	0	0	1	0
"20182019"	20181021	"FA Women's Super League"	"Arsenal"	"HT"	990	6	5	0	0	0	0
"20182019"	20181021	"FA Women's Super League"	"Reading"	"VT"	990	0	0	0	0	2	0
"20182019"	20181021	"FA Women's Super League"	"Yeovil Town"	"HT"	990	1	1	0	0	0	0
"20182019"	20181021	"FA Women's Super League"	"Bristol City"	"VT"	990	2	1	0	0	2	0
"20182019"	20181021	"FA Women's Super League"	"Birmingham City"	"HT"	984	0	0	0	0	2	1
"20182019"	20181021	"FA Women's Super League"	"Chelsea"	"VT"	990	0	0	0	1	1	0
"20182019"	20181021	"FA Women's Super League"	"Brighton & Hove Albion"	"HT"	990	0	0	0	0	0	0
"20182019"	20181021	"FA Women's Super League"	"Manchester City"	"VT"	990	6	6	0	0	0	0
"20182019"	20181026	"FA Women's Super League"	"Manchester City"	"HT"	990	1	0	0	0	1	0
"20182019"	20181026	"FA Women's Super League"	"Reading"	"VT"	990	1	1	0	0	2	0
"20182019"	20181028	"FA Women's Super League"	"Everton"	"HT"	990	1	1	0	0	0	0
"20182019"	20181028	"FA Women's Super League"	"West Ham United"	"VT"	990	2	1	0	1	2	0
"20182019"	20181028	"FA Women's Super League"	"Chelsea"	"HT"	990	1	1	0	0	2	0
"20182019"	20181028	"FA Women's Super League"	"Liverpool"	"VT"	990	0	0	0	0	1	0
"20182019"	20181028	"FA Women's Super League"	"Brighton & Hove Albion"	"HT"	990	2	2	0	0	1	0
"20182019"	20181028	"FA Women's Super League"	"Yeovil Town"	"VT"	990	1	0	0	1	3	0
"20182019"	20181028	"FA Women's Super League"	"Bristol City"	"HT"	990	0	0	0	0	0	0
"20182019"	20181028	"FA Women's Super League"	"Arsenal"	"VT"	990	4	3	0	0	0	0
"20182019"	20181104	"FA Women's Super League"	"Yeovil Town"	"HT"	990	1	0	0	0	0	0
"20182019"	20181104	"FA Women's Super League"	"Everton"	"VT"	990	0	0	0	0	1	0
"20182019"	20181104	"FA Women's Super League"	"Reading"	"HT"	990	3	3	0	0	0	0
"20182019"	20181104	"FA Women's Super League"	"Bristol City"	"VT"	990	0	0	0	0	2	0
"20182019"	20181104	"FA Women's Super League"	"West Ham United"	"HT"	990	0	0	0	0	2	0
"20182019"	20181104	"FA Women's Super League"	"Chelsea"	"VT"	990	2	1	0	0	1	0
"20182019"	20181104	"FA Women's Super League"	"Arsenal"	"HT"	990	3	2	1	1	0	0
"20182019"	20181104	"FA Women's Super League"	"Birmingham City"	"VT"	990	1	1	0	0	2	0
"20182019"	20181104	"FA Women's Super League"	"Liverpool"	"HT"	990	0	0	0	0	1	0
"20182019"	20181104	"FA Women's Super League"	"Manchester City"	"VT"	990	2	1	1	1	1	0
"20182019"	20181117	"FA Women's Super League"	"Bristol City"	"HT"	990	2	1	0	0	0	0
"20182019"	20181117	"FA Women's Super League"	"Liverpool"	"VT"	990	1	1	0	0	2	0
"20182019"	20181118	"FA Women's Super League"	"Brighton & Hove Albion"	"HT"	990	1	1	0	0	1	0
"20182019"	20181118	"FA Women's Super League"	"Reading"	"VT"	990	3	2	0	0	1	0
"20182019"	20181118	"FA Women's Super League"	"Birmingham City"	"HT"	990	3	3	0	0	0	0
"20182019"	20181118	"FA Women's Super League"	"West Ham United"	"VT"	990	0	0	0	0	1	0
"20182019"	20181118	"FA Women's Super League"	"Everton"	"HT"	990	0	0	0	0	1	0
"20182019"	20181118	"FA Women's Super League"	"Arsenal"	"VT"	990	4	3	0	0	0	0
"20182019"	20181118	"FA Women's Super League"	"Chelsea"	"HT"	990	5	5	0	0	1	0
"20182019"	20181118	"FA Women's Super League"	"Yeovil Town"	"VT"	939	0	0	0	0	0	1
"20182019"	20181125	"FA Women's Super League"	"West Ham United"	"HT"	990	2	0	0	0	0	0
"20182019"	20181125	"FA Women's Super League"	"Bristol City"	"VT"	990	0	0	0	0	1	0
"20182019"	20181125	"FA Women's Super League"	"Liverpool"	"HT"	990	0	0	0	0	0	0
"20182019"	20181125	"FA Women's Super League"	"Birmingham City"	"VT"	990	2	2	0	0	0	0
"20182019"	20181125	"FA Women's Super League"	"Arsenal"	"HT"	990	4	3	0	0	0	0
"20182019"	20181125	"FA Women's Super League"	"Brighton & Hove Albion"	"VT"	990	1	0	0	0	0	0
"20182019"	20181125	"FA Women's Super League"	"Reading"	"HT"	990	2	2	0	0	0	0
"20182019"	20181125	"FA Women's Super League"	"Everton"	"VT"	990	1	1	0	0	2	0
"20182019"	20181125	"FA Women's Super League"	"Yeovil Town"	"HT"	990	0	0	0	0	0	0
"20182019"	20181125	"FA Women's Super League"	"Manchester City"	"VT"	990	4	3	0	0	1	0
"20182019"	20181202	"FA Women's Super League"	"Manchester City"	"HT"	990	2	1	0	0	0	0
"20182019"	20181202	"FA Women's Super League"	"Arsenal"	"VT"	990	0	0	0	0	5	0
"20182019"	20181202	"FA Women's Super League"	"Brighton & Hove Albion"	"HT"	990	0	0	0	0	2	0
"20182019"	20181202	"FA Women's Super League"	"West Ham United"	"VT"	990	1	1	0	0	1	0
"20182019"	20181202	"FA Women's Super League"	"Everton"	"HT"	990	2	2	0	0	0	0
"20182019"	20181202	"FA Women's Super League"	"Liverpool"	"VT"	990	1	0	0	0	1	0
"20182019"	20181202	"FA Women's Super League"	"Birmingham City"	"HT"	990	2	2	0	0	2	0
"20182019"	20181202	"FA Women's Super League"	"Yeovil Town"	"VT"	990	1	0	0	0	0	0
"20182019"	20181202	"FA Women's Super League"	"Chelsea"	"HT"	990	1	1	0	0	0	0
"20182019"	20181202	"FA Women's Super League"	"Reading"	"VT"	990	0	0	0	0	0	0
"20182019"	20181209	"FA Women's Super League"	"Manchester City"	"HT"	990	1	0	0	0	2	0
"20182019"	20181209	"FA Women's Super League"	"Birmingham City"	"VT"	990	0	0	0	0	0	0
"20182019"	20181209	"FA Women's Super League"	"Reading"	"HT"	990	2	1	0	0	3	0
"20182019"	20181209	"FA Women's Super League"	"Liverpool"	"VT"	990	2	2	0	0	0	0
"20182019"	20181209	"FA Women's Super League"	"Everton"	"HT"	990	0	0	0	0	1	0
"20182019"	20181209	"FA Women's Super League"	"Bristol City"	"VT"	990	2	2	0	0	0	0
"20182019"	20181209	"FA Women's Super League"	"Yeovil Town"	"HT"	990	0	0	0	0	0	0
"20182019"	20181209	"FA Women's Super League"	"West Ham United"	"VT"	990	5	5	0	0	0	0
"20182019"	20181209	"FA Women's Super League"	"Brighton & Hove Albion"	"HT"	990	0	0	0	0	0	0
"20182019"	20181209	"FA Women's Super League"	"Chelsea"	"VT"	990	4	4	0	0	1	0
"20182019"	20190106	"FA Women's Super League"	"Liverpool"	"HT"	990	0	0	0	0	0	0
"20182019"	20190106	"FA Women's Super League"	"Brighton & Hove Albion"	"VT"	990	2	1	0	0	3	0
"20182019"	20190106	"FA Women's Super League"	"Chelsea"	"HT"	990	3	2	0	0	0	0
"20182019"	20190106	"FA Women's Super League"	"Everton"	"VT"	990	0	0	0	0	0	0
"20182019"	20190106	"FA Women's Super League"	"Birmingham City"	"HT"	990	2	2	0	0	2	0
"20182019"	20190106	"FA Women's Super League"	"Reading"	"VT"	990	0	0	0	0	4	0
"20182019"	20190106	"FA Women's Super League"	"Bristol City"	"HT"	990	1	0	1	1	0	0
"20182019"	20190106	"FA Women's Super League"	"Manchester City"	"VT"	990	1	1	0	0	1	0
"20182019"	20190106	"FA Women's Super League"	"West Ham United"	"HT"	990	2	2	0	0	1	0
"20182019"	20190106	"FA Women's Super League"	"Arsenal"	"VT"	990	4	3	0	0	1	0
"20182019"	20190113	"FA Women's Super League"	"Yeovil Town"	"HT"	990	1	1	0	0	2	0
"20182019"	20190113	"FA Women's Super League"	"Liverpool"	"VT"	990	2	0	1	1	2	0
"20182019"	20190113	"FA Women's Super League"	"West Ham United"	"HT"	990	1	1	0	0	0	0
"20182019"	20190113	"FA Women's Super League"	"Manchester City"	"VT"	990	3	3	0	0	1	0
"20182019"	20190113	"FA Women's Super League"	"Arsenal"	"HT"	990	1	1	0	0	0	0
"20182019"	20190113	"FA Women's Super League"	"Chelsea"	"VT"	990	2	1	0	0	2	0
"20182019"	20190113	"FA Women's Super League"	"Brighton & Hove Albion"	"HT"	990	0	0	0	0	1	0
"20182019"	20190113	"FA Women's Super League"	"Everton"	"VT"	990	0	0	0	0	1	0
"20182019"	20190113	"FA Women's Super League"	"Birmingham City"	"HT"	990	0	0	0	0	1	0
"20182019"	20190113	"FA Women's Super League"	"Bristol City"	"VT"	990	1	1	0	0	2	0
"20182019"	20190127	"FA Women's Super League"	"Bristol City"	"HT"	990	2	1	1	1	0	0
"20182019"	20190127	"FA Women's Super League"	"Yeovil Town"	"VT"	990	1	1	0	0	0	0
"20182019"	20190127	"FA Women's Super League"	"Chelsea"	"HT"	990	2	1	0	0	1	0
"20182019"	20190127	"FA Women's Super League"	"Birmingham City"	"VT"	990	3	3	0	0	1	0
"20182019"	20190127	"FA Women's Super League"	"Manchester City"	"HT"	990	3	2	1	1	0	0
"20182019"	20190127	"FA Women's Super League"	"Brighton & Hove Albion"	"VT"	990	0	0	0	0	0	0
"20182019"	20190127	"FA Women's Super League"	"Reading"	"HT"	990	0	0	0	0	3	0
"20182019"	20190127	"FA Women's Super League"	"Arsenal"	"VT"	990	3	2	1	1	3	0
"20182019"	20190128	"FA Women's Super League"	"Liverpool"	"HT"	990	1	1	0	0	0	0
"20182019"	20190128	"FA Women's Super League"	"West Ham United"	"VT"	990	0	0	0	0	2	0
"20182019"	20190210	"FA Women's Super League"	"Manchester City"	"HT"	990	2	1	0	0	1	0
"20182019"	20190210	"FA Women's Super League"	"Chelsea"	"VT"	990	2	1	0	0	2	0
"20182019"	20190210	"FA Women's Super League"	"Bristol City"	"HT"	990	0	0	0	0	1	0
"20182019"	20190210	"FA Women's Super League"	"Brighton & Hove Albion"	"VT"	990	0	0	0	0	1	0
"20182019"	20190220	"FA Women's Super League"	"Brighton & Hove Albion"	"HT"	990	2	2	0	0	0	0
"20182019"	20190220	"FA Women's Super League"	"Birmingham City"	"VT"	990	1	1	0	0	0	0
"20182019"	20190220	"FA Women's Super League"	"Reading"	"HT"	990	1	0	1	1	1	0
"20182019"	20190220	"FA Women's Super League"	"West Ham United"	"VT"	990	2	2	0	0	0	0
"20182019"	20190220	"FA Women's Super League"	"Manchester City"	"HT"	990	3	2	0	0	0	0
"20182019"	20190220	"FA Women's Super League"	"Everton"	"VT"	990	1	0	0	0	0	0
"20182019"	20190220	"FA Women's Super League"	"Chelsea"	"HT"	990	6	5	1	1	0	0
"20182019"	20190220	"FA Women's Super League"	"Bristol City"	"VT"	990	0	0	0	0	2	0
"20182019"	20190220	"FA Women's Super League"	"Arsenal"	"HT"	990	3	2	1	1	0	0
"20182019"	20190220	"FA Women's Super League"	"Yeovil Town"	"VT"	990	0	0	0	0	3	0
"20182019"	20190313	"FA Women's Super League"	"Liverpool"	"HT"	990	0	0	0	0	1	0
"20182019"	20190313	"FA Women's Super League"	"Chelsea"	"VT"	990	4	3	1	1	0	0
"20182019"	20190313	"FA Women's Super League"	"West Ham United"	"HT"	990	0	0	0	0	0	0
"20182019"	20190313	"FA Women's Super League"	"Everton"	"VT"	990	1	1	0	0	1	0
"20182019"	20190313	"FA Women's Super League"	"Reading"	"HT"	990	3	1	1	1	0	0
"20182019"	20190313	"FA Women's Super League"	"Manchester City"	"VT"	990	4	4	0	0	2	0
"20182019"	20190313	"FA Women's Super League"	"Yeovil Town"	"HT"	990	1	1	0	0	1	0
"20182019"	20190313	"FA Women's Super League"	"Brighton & Hove Albion"	"VT"	990	1	1	0	0	2	0
"20182019"	20190314	"FA Women's Super League"	"Arsenal"	"HT"	990	4	4	0	0	0	0
"20182019"	20190314	"FA Women's Super League"	"Bristol City"	"VT"	990	0	0	0	0	1	0
"20182019"	20190324	"FA Women's Super League"	"Liverpool"	"HT"	990	1	0	1	1	1	0
"20182019"	20190324	"FA Women's Super League"	"Arsenal"	"VT"	990	5	5	0	0	0	0
"20182019"	20190324	"FA Women's Super League"	"Bristol City"	"HT"	990	1	0	0	0	0	0
"20182019"	20190324	"FA Women's Super League"	"Everton"	"VT"	990	0	0	0	0	2	0
"20182019"	20190331	"FA Women's Super League"	"Birmingham City"	"HT"	990	0	0	0	0	2	0
"20182019"	20190331	"FA Women's Super League"	"Arsenal"	"VT"	990	1	1	0	0	1	0
"20182019"	20190331	"FA Women's Super League"	"Chelsea"	"HT"	990	1	1	0	0	1	0
"20182019"	20190331	"FA Women's Super League"	"West Ham United"	"VT"	990	1	1	0	0	1	0
"20182019"	20190331	"FA Women's Super League"	"Everton"	"HT"	990	0	0	0	0	0	0
"20182019"	20190331	"FA Women's Super League"	"Yeovil Town"	"VT"	990	1	0	0	0	0	0
"20182019"	20190331	"FA Women's Super League"	"Manchester City"	"HT"	990	2	2	0	0	2	0
"20182019"	20190331	"FA Women's Super League"	"Liverpool"	"VT"	990	1	0	1	1	0	0
"20182019"	20190331	"FA Women's Super League"	"Bristol City"	"HT"	990	0	0	0	0	0	0
"20182019"	20190331	"FA Women's Super League"	"Reading"	"VT"	990	1	1	0	1	1	0
"20182019"	20190417	"FA Women's Super League"	"Everton"	"HT"	990	1	1	0	1	0	0
"20182019"	20190417	"FA Women's Super League"	"Birmingham City"	"VT"	990	3	3	0	0	0	0
"20182019"	20190417	"FA Women's Super League"	"Yeovil Town"	"HT"	990	0	0	0	0	1	0
"20182019"	20190417	"FA Women's Super League"	"Reading"	"VT"	990	5	3	0	0	1	0
"20182019"	20190420	"FA Women's Super League"	"Reading"	"HT"	990	1	1	0	0	0	0
"20182019"	20190420	"FA Women's Super League"	"Brighton & Hove Albion"	"VT"	990	0	0	0	0	0	0
"20182019"	20190421	"FA Women's Super League"	"West Ham United"	"HT"	940	1	1	0	0	1	1
"20182019"	20190421	"FA Women's Super League"	"Birmingham City"	"VT"	990	2	0	0	0	1	0
"20182019"	20190421	"FA Women's Super League"	"Liverpool"	"HT"	990	5	4	0	0	0	0
"20182019"	20190421	"FA Women's Super League"	"Bristol City"	"VT"	990	1	0	0	0	0	0
"20182019"	20190421	"FA Women's Super League"	"Arsenal"	"HT"	990	2	2	0	0	1	0
"20182019"	20190421	"FA Women's Super League"	"Everton"	"VT"	990	1	1	0	0	2	0
"20182019"	20190428	"FA Women's Super League"	"Bristol City"	"HT"	990	0	0	0	0	0	0
"20182019"	20190428	"FA Women's Super League"	"West Ham United"	"VT"	990	2	1	0	0	0	0
"20182019"	20190428	"FA Women's Super League"	"Birmingham City"	"HT"	990	2	1	0	0	0	0
"20182019"	20190428	"FA Women's Super League"	"Liverpool"	"VT"	990	0	0	0	0	1	0
"20182019"	20190428	"FA Women's Super League"	"Brighton & Hove Albion"	"HT"	990	0	0	0	0	1	0
"20182019"	20190428	"FA Women's Super League"	"Arsenal"	"VT"	990	4	3	0	0	0	0
"20182019"	20190428	"FA Women's Super League"	"Manchester City"	"HT"	990	2	1	1	1	0	0
"20182019"	20190428	"FA Women's Super League"	"Yeovil Town"	"VT"	990	1	1	0	0	0	0
"20182019"	20190428	"FA Women's Super League"	"Everton"	"HT"	990	3	1	0	0	2	0
"20182019"	20190428	"FA Women's Super League"	"Reading"	"VT"	990	2	2	0	0	1	0
"20182019"	20190507	"FA Women's Super League"	"Yeovil Town"	"HT"	990	0	0	0	0	0	0
"20182019"	20190507	"FA Women's Super League"	"Chelsea"	"VT"	990	8	7	0	0	0	0
"20182019"	20190511	"FA Women's Super League"	"Liverpool"	"HT"	990	3	3	0	0	2	0
"20182019"	20190511	"FA Women's Super League"	"Everton"	"VT"	990	1	1	0	0	1	0
"20182019"	20190511	"FA Women's Super League"	"West Ham United"	"HT"	990	0	0	0	0	1	0
"20182019"	20190511	"FA Women's Super League"	"Brighton & Hove Albion"	"VT"	990	4	3	0	0	1	0
"20182019"	20190511	"FA Women's Super League"	"Arsenal"	"HT"	990	1	1	0	0	1	0
"20182019"	20190511	"FA Women's Super League"	"Manchester City"	"VT"	990	0	0	0	0	2	0
"20182019"	20190511	"FA Women's Super League"	"Yeovil Town"	"HT"	990	0	0	0	0	1	0
"20182019"	20190511	"FA Women's Super League"	"Birmingham City"	"VT"	990	2	1	0	0	0	0
"20182019"	20190511	"FA Women's Super League"	"Reading"	"HT"	990	2	1	0	0	1	0
"20182019"	20190511	"FA Women's Super League"	"Chelsea"	"VT"	990	3	1	0	0	0	0
"20192020"	20190907	"FA Women's Super League"	"Manchester City"	"HT"	990	1	0	0	0	0	0
"20192020"	20190907	"FA Women's Super League"	"Manchester United"	"VT"	990	0	0	0	0	0	0
"20192020"	20190907	"FA Women's Super League"	"Bristol City"	"HT"	990	0	0	0	0	1	0
"20192020"	20190907	"FA Women's Super League"	"Brighton & Hove Albion"	"VT"	990	0	0	0	1	1	0
"20192020"	20190908	"FA Women's Super League"	"Chelsea"	"HT"	990	1	0	0	0	0	0
"20192020"	20190908	"FA Women's Super League"	"Tottenham"	"VT"	990	0	0	0	0	2	0
"20192020"	20190908	"FA Women's Super League"	"Birmingham City"	"HT"	990	0	0	0	0	2	0
"20192020"	20190908	"FA Women's Super League"	"Everton"	"VT"	990	0	0	0	0	1	0
"20192020"	20190908	"FA Women's Super League"	"Liverpool"	"HT"	990	0	0	0	0	1	0
"20192020"	20190908	"FA Women's Super League"	"Reading"	"VT"	990	1	0	0	0	1	0
"20192020"	20190908	"FA Women's Super League"	"Arsenal"	"HT"	990	2	2	0	0	3	0
"20192020"	20190908	"FA Women's Super League"	"West Ham United"	"VT"	990	1	1	0	0	2	0
"20192020"	20190915	"FA Women's Super League"	"Reading"	"HT"	990	0	0	0	0	0	0
"20192020"	20190915	"FA Women's Super League"	"Manchester City"	"VT"	990	2	1	0	0	0	0
"20192020"	20190915	"FA Women's Super League"	"West Ham United"	"HT"	990	1	0	0	0	1	0
"20192020"	20190915	"FA Women's Super League"	"Birmingham City"	"VT"	990	0	0	0	0	2	0
"20192020"	20190915	"FA Women's Super League"	"Tottenham"	"HT"	990	1	0	1	1	1	0
"20192020"	20190915	"FA Women's Super League"	"Liverpool"	"VT"	964	0	0	0	0	2	1
"20192020"	20190915	"FA Women's Super League"	"Brighton & Hove Albion"	"HT"	990	1	1	0	0	1	0
"20192020"	20190915	"FA Women's Super League"	"Chelsea"	"VT"	990	1	0	0	0	1	0
"20192020"	20190915	"FA Women's Super League"	"Everton"	"HT"	990	2	2	0	0	2	0
"20192020"	20190915	"FA Women's Super League"	"Bristol City"	"VT"	990	0	0	0	0	0	0
"20192020"	20190916	"FA Women's Super League"	"Manchester United"	"HT"	990	0	0	0	0	2	0
"20192020"	20190916	"FA Women's Super League"	"Arsenal"	"VT"	990	1	0	0	0	3	0
"20192020"	20190928	"FA Women's Super League"	"Manchester United"	"HT"	990	2	1	1	1	1	0
"20192020"	20190928	"FA Women's Super League"	"Liverpool"	"VT"	990	0	0	0	0	2	0
"20192020"	20190929	"FA Women's Super League"	"West Ham United"	"HT"	990	0	0	0	0	2	0
"20192020"	20190929	"FA Women's Super League"	"Tottenham"	"VT"	990	2	1	0	0	1	0
"20192020"	20190929	"FA Women's Super League"	"Arsenal"	"HT"	990	4	3	0	0	0	0
"20192020"	20190929	"FA Women's Super League"	"Brighton & Hove Albion"	"VT"	990	0	0	0	0	2	0
"20192020"	20190929	"FA Women's Super League"	"Bristol City"	"HT"	990	0	0	0	0	1	0
"20192020"	20190929	"FA Women's Super League"	"Chelsea"	"VT"	990	4	4	0	0	0	0
"20192020"	20190929	"FA Women's Super League"	"Everton"	"HT"	990	0	0	0	0	0	0
"20192020"	20190929	"FA Women's Super League"	"Manchester City"	"VT"	990	1	0	0	0	4	0
"20192020"	20191012	"FA Women's Super League"	"Manchester City"	"HT"	990	3	3	0	0	1	0
"20192020"	20191012	"FA Women's Super League"	"Birmingham City"	"VT"	990	0	0	0	0	0	0
"20192020"	20191013	"FA Women's Super League"	"Brighton & Hove Albion"	"HT"	990	1	1	0	0	3	0
"20192020"	20191013	"FA Women's Super League"	"West Ham United"	"VT"	990	3	2	1	1	2	0
"20192020"	20191013	"FA Women's Super League"	"Tottenham"	"HT"	990	0	0	0	0	2	0
"20192020"	20191013	"FA Women's Super League"	"Manchester United"	"VT"	989	2	1	0	0	3	1
"20192020"	20191013	"FA Women's Super League"	"Liverpool"	"HT"	990	1	0	1	1	0	0
"20192020"	20191013	"FA Women's Super League"	"Bristol City"	"VT"	990	1	0	0	0	1	0
"20192020"	20191013	"FA Women's Super League"	"Reading"	"HT"	990	3	3	0	0	1	0
"20192020"	20191013	"FA Women's Super League"	"Everton"	"VT"	990	2	0	1	1	3	0
"20192020"	20191013	"FA Women's Super League"	"Chelsea"	"HT"	990	2	2	0	0	1	0
"20192020"	20191013	"FA Women's Super League"	"Arsenal"	"VT"	990	1	1	0	0	2	0
"20192020"	20191027	"FA Women's Super League"	"Everton"	"HT"	990	2	2	0	0	1	0
"20192020"	20191027	"FA Women's Super League"	"Brighton & Hove Albion"	"VT"	990	0	0	0	0	1	0
"20192020"	20191027	"FA Women's Super League"	"Arsenal"	"HT"	990	1	1	0	0	1	0
"20192020"	20191027	"FA Women's Super League"	"Manchester City"	"VT"	990	0	0	0	0	1	0
"20192020"	20191027	"FA Women's Super League"	"Manchester United"	"HT"	990	2	1	0	0	1	0
"20192020"	20191027	"FA Women's Super League"	"Reading"	"VT"	990	0	0	0	0	1	0
"20192020"	20191027	"FA Women's Super League"	"Bristol City"	"HT"	990	1	0	0	0	0	0
"20192020"	20191027	"FA Women's Super League"	"Tottenham"	"VT"	990	2	1	0	1	2	0
"20192020"	20191027	"FA Women's Super League"	"Birmingham City"	"HT"	990	2	1	0	0	1	0
"20192020"	20191027	"FA Women's Super League"	"Liverpool"	"VT"	990	0	0	0	0	0	0
"20192020"	20191027	"FA Women's Super League"	"West Ham United"	"HT"	990	1	0	0	0	0	0
"20192020"	20191027	"FA Women's Super League"	"Chelsea"	"VT"	990	3	3	0	0	1	0
"20192020"	20191117	"FA Women's Super League"	"Reading"	"HT"	990	3	3	0	0	1	0
"20192020"	20191117	"FA Women's Super League"	"Bristol City"	"VT"	990	3	3	0	0	1	0
"20192020"	20191117	"FA Women's Super League"	"Brighton & Hove Albion"	"HT"	990	3	1	1	1	0	0
"20192020"	20191117	"FA Women's Super League"	"Birmingham City"	"VT"	990	0	0	0	0	0	0
"20192020"	20191117	"FA Women's Super League"	"Tottenham"	"HT"	990	0	0	0	0	3	0
"20192020"	20191117	"FA Women's Super League"	"Arsenal"	"VT"	990	2	0	0	0	0	0
"20192020"	20191117	"FA Women's Super League"	"Chelsea"	"HT"	990	1	0	1	1	1	0
"20192020"	20191117	"FA Women's Super League"	"Manchester United"	"VT"	990	0	0	0	0	2	0
"20192020"	20191117	"FA Women's Super League"	"Manchester City"	"HT"	971	5	4	0	0	2	1
"20192020"	20191117	"FA Women's Super League"	"West Ham United"	"VT"	990	0	0	0	0	1	0
"20192020"	20191117	"FA Women's Super League"	"Liverpool"	"HT"	990	0	0	0	0	0	0
"20192020"	20191117	"FA Women's Super League"	"Everton"	"VT"	990	1	0	0	0	1	0
"20192020"	20191124	"FA Women's Super League"	"Bristol City"	"HT"	990	0	0	0	0	0	0
"20192020"	20191124	"FA Women's Super League"	"Manchester City"	"VT"	990	5	4	0	0	0	0
"20192020"	20191124	"FA Women's Super League"	"Everton"	"HT"	990	2	2	0	0	3	0
"20192020"	20191124	"FA Women's Super League"	"Tottenham"	"VT"	990	1	0	0	0	2	0
"20192020"	20191124	"FA Women's Super League"	"Manchester United"	"HT"	990	4	3	1	1	1	0
"20192020"	20191124	"FA Women's Super League"	"Brighton & Hove Albion"	"VT"	990	0	0	0	0	2	0
"20192020"	20191124	"FA Women's Super League"	"Birmingham City"	"HT"	990	0	0	0	0	0	0
"20192020"	20191124	"FA Women's Super League"	"Chelsea"	"VT"	990	6	5	0	0	0	0
"20192020"	20191124	"FA Women's Super League"	"West Ham United"	"HT"	990	2	1	0	0	2	0
"20192020"	20191124	"FA Women's Super League"	"Reading"	"VT"	944	3	1	0	0	2	1
"20192020"	20191124	"FA Women's Super League"	"Arsenal"	"HT"	990	1	0	0	0	0	0
"20192020"	20191124	"FA Women's Super League"	"Liverpool"	"VT"	990	0	0	0	0	0	0
"20192020"	20191129	"FA Women's Super League"	"Brighton & Hove Albion"	"HT"	990	2	2	0	0	0	0
"20192020"	20191129	"FA Women's Super League"	"Reading"	"VT"	990	2	1	0	0	1	0
"20192020"	20191201	"FA Women's Super League"	"Arsenal"	"HT"	990	11	10	0	0	0	0
"20192020"	20191201	"FA Women's Super League"	"Bristol City"	"VT"	990	1	0	0	1	0	0
"20192020"	20191201	"FA Women's Super League"	"West Ham United"	"HT"	988	3	1	0	0	5	1
"20192020"	20191201	"FA Women's Super League"	"Manchester United"	"VT"	990	2	2	0	0	3	0
"20192020"	20191201	"FA Women's Super League"	"Manchester City"	"HT"	990	1	1	0	0	0	0
"20192020"	20191201	"FA Women's Super League"	"Liverpool"	"VT"	990	0	0	0	0	0	0
"20192020"	20191204	"FA Women's Super League"	"Birmingham City"	"HT"	990	1	1	0	0	2	0
"20192020"	20191204	"FA Women's Super League"	"Tottenham"	"VT"	990	1	1	0	0	2	0
"20192020"	20191208	"FA Women's Super League"	"Reading"	"HT"	990	0	0	0	0	3	0
"20192020"	20191208	"FA Women's Super League"	"Arsenal"	"VT"	990	3	3	0	0	0	0
"20192020"	20191208	"FA Women's Super League"	"Bristol City"	"HT"	990	0	0	0	0	2	0
"20192020"	20191208	"FA Women's Super League"	"Birmingham City"	"VT"	990	2	1	0	0	1	0
"20192020"	20191208	"FA Women's Super League"	"Chelsea"	"HT"	990	2	1	0	0	1	0
"20192020"	20191208	"FA Women's Super League"	"Manchester City"	"VT"	990	1	1	0	0	2	0
"20192020"	20191208	"FA Women's Super League"	"Tottenham"	"HT"	990	0	0	0	0	2	0
"20192020"	20191208	"FA Women's Super League"	"Brighton & Hove Albion"	"VT"	990	0	0	0	0	0	0
"20192020"	20191208	"FA Women's Super League"	"Manchester United"	"HT"	990	3	2	1	1	1	0
"20192020"	20191208	"FA Women's Super League"	"Everton"	"VT"	990	0	0	0	0	1	0
"20192020"	20191208	"FA Women's Super League"	"Liverpool"	"HT"	990	1	0	0	1	1	0
"20192020"	20191208	"FA Women's Super League"	"West Ham United"	"VT"	990	1	0	0	0	3	0
"20192020"	20191215	"FA Women's Super League"	"Manchester City"	"HT"	990	5	5	0	0	0	0
"20192020"	20191215	"FA Women's Super League"	"Brighton & Hove Albion"	"VT"	990	0	0	0	0	1	0
"20192020"	20191215	"FA Women's Super League"	"Reading"	"HT"	990	3	3	0	0	4	0
"20192020"	20191215	"FA Women's Super League"	"Tottenham"	"VT"	990	1	1	0	0	1	0
"20192020"	20191215	"FA Women's Super League"	"Liverpool"	"HT"	990	1	0	0	0	3	0
"20192020"	20191215	"FA Women's Super League"	"Chelsea"	"VT"	990	1	1	0	0	2	0
"20192020"	20191215	"FA Women's Super League"	"Everton"	"HT"	990	1	1	0	0	1	0
"20192020"	20191215	"FA Women's Super League"	"Arsenal"	"VT"	990	3	2	1	1	0	0
"20192020"	20200105	"FA Women's Super League"	"Chelsea"	"HT"	990	3	1	0	0	0	0
"20192020"	20200105	"FA Women's Super League"	"Reading"	"VT"	917	1	1	0	0	1	1
"20192020"	20200105	"FA Women's Super League"	"Brighton & Hove Albion"	"HT"	990	1	1	0	0	2	0
"20192020"	20200105	"FA Women's Super League"	"Liverpool"	"VT"	990	0	0	0	0	2	0
"20192020"	20200105	"FA Women's Super League"	"Manchester United"	"HT"	990	0	0	0	0	2	0
"20192020"	20200105	"FA Women's Super League"	"Bristol City"	"VT"	990	1	1	0	0	3	0
"20192020"	20200105	"FA Women's Super League"	"Tottenham"	"HT"	990	1	0	1	1	1	0
"20192020"	20200105	"FA Women's Super League"	"Manchester City"	"VT"	990	4	4	0	0	1	0
"20192020"	20200105	"FA Women's Super League"	"Arsenal"	"HT"	990	2	2	0	0	0	0
"20192020"	20200105	"FA Women's Super League"	"Birmingham City"	"VT"	990	0	0	0	0	0	0
"20192020"	20200111	"FA Women's Super League"	"Manchester City"	"HT"	990	3	2	0	0	1	0
"20192020"	20200111	"FA Women's Super League"	"Everton"	"VT"	990	0	0	0	0	2	0
"20192020"	20200112	"FA Women's Super League"	"Chelsea"	"HT"	990	6	5	0	0	2	0
"20192020"	20200112	"FA Women's Super League"	"Bristol City"	"VT"	990	1	0	0	0	1	0
"20192020"	20200112	"FA Women's Super League"	"Brighton & Hove Albion"	"HT"	990	0	0	0	0	0	0
"20192020"	20200112	"FA Women's Super League"	"Arsenal"	"VT"	990	4	2	0	0	1	0
"20192020"	20200112	"FA Women's Super League"	"Tottenham"	"HT"	990	2	1	0	0	2	0
"20192020"	20200112	"FA Women's Super League"	"West Ham United"	"VT"	990	1	1	0	0	3	0
"20192020"	20200112	"FA Women's Super League"	"Reading"	"HT"	990	1	1	0	0	1	0
"20192020"	20200112	"FA Women's Super League"	"Birmingham City"	"VT"	990	0	0	0	0	1	0
"20192020"	20200119	"FA Women's Super League"	"Bristol City"	"HT"	990	0	0	0	1	1	0
"20192020"	20200119	"FA Women's Super League"	"Liverpool"	"VT"	990	1	0	0	0	1	0
"20192020"	20200119	"FA Women's Super League"	"West Ham United"	"HT"	990	2	2	0	0	1	0
"20192020"	20200119	"FA Women's Super League"	"Brighton & Hove Albion"	"VT"	990	1	1	0	0	2	0
"20192020"	20200119	"FA Women's Super League"	"Manchester United"	"HT"	989	3	1	1	1	1	1
"20192020"	20200119	"FA Women's Super League"	"Tottenham"	"VT"	990	0	0	0	0	2	0
"20192020"	20200119	"FA Women's Super League"	"Everton"	"HT"	990	3	2	0	0	1	0
"20192020"	20200119	"FA Women's Super League"	"Reading"	"VT"	990	1	0	1	1	2	0
"20192020"	20200119	"FA Women's Super League"	"Birmingham City"	"HT"	990	0	0	0	0	0	0
"20192020"	20200119	"FA Women's Super League"	"Manchester City"	"VT"	990	2	2	0	0	0	0
"20192020"	20200119	"FA Women's Super League"	"Arsenal"	"HT"	990	1	1	0	0	2	0
"20192020"	20200119	"FA Women's Super League"	"Chelsea"	"VT"	990	4	3	0	0	1	0
"20192020"	20200202	"FA Women's Super League"	"Reading"	"HT"	990	1	0	1	2	3	0
"20192020"	20200202	"FA Women's Super League"	"Manchester United"	"VT"	990	1	0	0	0	2	0
"20192020"	20200202	"FA Women's Super League"	"Chelsea"	"HT"	990	8	6	0	0	0	0
"20192020"	20200202	"FA Women's Super League"	"West Ham United"	"VT"	990	0	0	0	0	3	0
"20192020"	20200202	"FA Women's Super League"	"Manchester City"	"HT"	990	2	1	0	0	1	0
"20192020"	20200202	"FA Women's Super League"	"Arsenal"	"VT"	990	1	0	0	0	4	0
"20192020"	20200202	"FA Women's Super League"	"Brighton & Hove Albion"	"HT"	990	1	1	0	0	4	0
"20192020"	20200202	"FA Women's Super League"	"Everton"	"VT"	990	0	0	0	0	2	0
"20192020"	20200212	"FA Women's Super League"	"Brighton & Hove Albion"	"HT"	990	1	1	0	0	0	0
"20192020"	20200212	"FA Women's Super League"	"Manchester United"	"VT"	990	0	0	0	0	0	0
"20192020"	20200212	"FA Women's Super League"	"Chelsea"	"HT"	990	2	1	0	0	0	0
"20192020"	20200212	"FA Women's Super League"	"Birmingham City"	"VT"	990	0	0	0	0	0	0
"20192020"	20200212	"FA Women's Super League"	"Tottenham"	"HT"	976	2	1	0	0	1	1
"20192020"	20200212	"FA Women's Super League"	"Everton"	"VT"	990	2	2	0	0	2	0
"20192020"	20200212	"FA Women's Super League"	"Manchester City"	"HT"	990	1	1	0	0	1	0
"20192020"	20200212	"FA Women's Super League"	"Bristol City"	"VT"	990	0	0	0	0	0	0
"20192020"	20200212	"FA Women's Super League"	"Reading"	"HT"	990	2	2	0	0	2	0
"20192020"	20200212	"FA Women's Super League"	"West Ham United"	"VT"	990	0	0	0	0	2	0
"20192020"	20200213	"FA Women's Super League"	"Liverpool"	"HT"	990	2	1	0	0	3	0
"20192020"	20200213	"FA Women's Super League"	"Arsenal"	"VT"	990	3	2	0	0	2	0
"20192020"	20200223	"FA Women's Super League"	"West Ham United"	"HT"	990	4	4	0	0	0	0
"20192020"	20200223	"FA Women's Super League"	"Liverpool"	"VT"	990	2	1	0	0	1	0
"20192020"	20200223	"FA Women's Super League"	"Birmingham City"	"HT"	990	0	0	0	0	0	0
"20192020"	20200223	"FA Women's Super League"	"Bristol City"	"VT"	990	1	1	0	0	1	0
"20192020"	20200223	"FA Women's Super League"	"Everton"	"HT"	990	2	1	0	0	0	0
"20192020"	20200223	"FA Women's Super League"	"Manchester United"	"VT"	990	3	2	0	0	3	0
"20192020"	20200223	"FA Women's Super League"	"Manchester City"	"HT"	990	3	3	0	1	0	0
"20192020"	20200223	"FA Women's Super League"	"Chelsea"	"VT"	990	3	2	0	0	0	0
"20192020"	20200223	"FA Women's Super League"	"Brighton & Hove Albion"	"HT"	931	0	0	0	0	4	1
"20192020"	20200223	"FA Women's Super League"	"Tottenham"	"VT"	990	1	0	1	1	0	0
"20202021"	20200905	"FA Women's Super League"	"Aston Villa LFC"	"HT"	990	0	0	0	0	0	0
"20202021"	20200905	"FA Women's Super League"	"Manchester City"	"VT"	990	2	0	0	0	0	0
"20202021"	20200906	"FA Women's Super League"	"Manchester United"	"HT"	990	1	1	0	0	2	0
"20202021"	20200906	"FA Women's Super League"	"Chelsea"	"VT"	990	1	1	0	0	0	0
"20202021"	20200906	"FA Women's Super League"	"Tottenham"	"HT"	990	0	0	0	0	0	0
"20202021"	20200906	"FA Women's Super League"	"West Ham United"	"VT"	990	1	1	0	0	1	0
"20202021"	20200906	"FA Women's Super League"	"Brighton & Hove Albion"	"HT"	990	2	2	0	0	0	0
"20202021"	20200906	"FA Women's Super League"	"Birmingham City"	"VT"	990	0	0	0	0	4	0
"20202021"	20200906	"FA Women's Super League"	"Bristol City"	"HT"	990	0	0	0	0	2	0
"20202021"	20200906	"FA Women's Super League"	"Everton"	"VT"	990	4	3	1	1	1	0
"20202021"	20200906	"FA Women's Super League"	"Arsenal"	"HT"	990	6	6	0	0	2	0
"20202021"	20200906	"FA Women's Super League"	"Reading"	"VT"	990	1	0	0	0	3	0
"20202021"	20200912	"FA Women's Super League"	"West Ham United"	"HT"	933	1	0	0	0	5	1
"20202021"	20200912	"FA Women's Super League"	"Arsenal"	"VT"	990	9	6	0	0	0	0
"20202021"	20200913	"FA Women's Super League"	"Chelsea"	"HT"	990	9	6	1	1	0	0
"20202021"	20200913	"FA Women's Super League"	"Bristol City"	"VT"	990	0	0	0	0	1	0
"20202021"	20200913	"FA Women's Super League"	"Everton"	"HT"	990	1	1	0	0	3	0
"20202021"	20200913	"FA Women's Super League"	"Tottenham"	"VT"	990	0	0	0	0	2	0
"20202021"	20200913	"FA Women's Super League"	"Birmingham City"	"HT"	990	1	0	0	0	0	0
"20202021"	20200913	"FA Women's Super League"	"Manchester United"	"VT"	990	5	4	0	0	0	0
"20202021"	20200913	"FA Women's Super League"	"Reading"	"HT"	990	3	2	1	1	2	0
"20202021"	20200913	"FA Women's Super League"	"Aston Villa LFC"	"VT"	990	1	0	1	1	2	0
"20202021"	20200913	"FA Women's Super League"	"Manchester City"	"HT"	990	0	0	0	0	0	0
"20202021"	20200913	"FA Women's Super League"	"Brighton & Hove Albion"	"VT"	990	0	0	0	0	1	0
"20202021"	20201003	"FA Women's Super League"	"Aston Villa LFC"	"HT"	990	0	0	0	0	0	0
"20202021"	20201003	"FA Women's Super League"	"Everton"	"VT"	990	6	5	0	0	0	0
"20202021"	20201004	"FA Women's Super League"	"Arsenal"	"HT"	990	3	3	0	0	0	0
"20202021"	20201004	"FA Women's Super League"	"Bristol City"	"VT"	990	1	1	0	0	0	0
"20202021"	20201004	"FA Women's Super League"	"West Ham United"	"HT"	990	0	0	0	1	0	0
"20202021"	20201004	"FA Women's Super League"	"Reading"	"VT"	990	1	1	0	0	1	0
"20202021"	20201004	"FA Women's Super League"	"Manchester City"	"HT"	990	4	3	1	1	1	0
"20202021"	20201004	"FA Women's Super League"	"Tottenham"	"VT"	990	1	1	0	0	3	0
"20202021"	20201004	"FA Women's Super League"	"Birmingham City"	"HT"	990	0	0	0	0	0	0
"20202021"	20201004	"FA Women's Super League"	"Chelsea"	"VT"	990	1	1	0	0	0	0
"20202021"	20201004	"FA Women's Super League"	"Manchester United"	"HT"	990	3	2	1	1	1	0
"20202021"	20201004	"FA Women's Super League"	"Brighton & Hove Albion"	"VT"	990	0	0	0	0	3	0
"20202021"	20201010	"FA Women's Super League"	"Tottenham"	"HT"	990	0	0	0	0	2	0
"20202021"	20201010	"FA Women's Super League"	"Manchester United"	"VT"	990	1	1	0	0	4	0
"20202021"	20201011	"FA Women's Super League"	"Everton"	"HT"	990	3	2	0	0	1	0
"20202021"	20201011	"FA Women's Super League"	"West Ham United"	"VT"	990	1	0	0	0	1	0
"20202021"	20201011	"FA Women's Super League"	"Reading"	"HT"	990	0	0	0	0	0	0
"20202021"	20201011	"FA Women's Super League"	"Birmingham City"	"VT"	990	1	1	0	0	2	0
"20202021"	20201011	"FA Women's Super League"	"Brighton & Hove Albion"	"HT"	990	0	0	0	0	0	0
"20202021"	20201011	"FA Women's Super League"	"Arsenal"	"VT"	990	5	5	0	0	0	0
"20202021"	20201011	"FA Women's Super League"	"Chelsea"	"HT"	990	3	2	1	1	2	0
"20202021"	20201011	"FA Women's Super League"	"Manchester City"	"VT"	990	1	0	1	1	2	0
"20202021"	20201018	"FA Women's Super League"	"Reading"	"HT"	990	1	1	0	0	1	0
"20202021"	20201018	"FA Women's Super League"	"Manchester City"	"VT"	990	1	1	0	0	0	0
"20202021"	20201018	"FA Women's Super League"	"Everton"	"HT"	990	2	1	0	0	0	0
"20202021"	20201018	"FA Women's Super League"	"Brighton & Hove Albion"	"VT"	990	1	1	0	0	2	0
"20202021"	20201018	"FA Women's Super League"	"Arsenal"	"HT"	990	6	5	0	0	1	0
"20202021"	20201018	"FA Women's Super League"	"Tottenham"	"VT"	990	1	1	0	1	3	0
"20202021"	20201018	"FA Women's Super League"	"West Ham United"	"HT"	990	2	1	0	0	3	0
"20202021"	20201018	"FA Women's Super League"	"Manchester United"	"VT"	990	4	4	0	0	0	0
"20202021"	20201018	"FA Women's Super League"	"Bristol City"	"HT"	990	0	0	0	0	1	0
"20202021"	20201018	"FA Women's Super League"	"Birmingham City"	"VT"	989	4	3	1	1	3	1
"20202021"	20201107	"FA Women's Super League"	"Tottenham"	"HT"	990	1	1	0	0	1	0
"20202021"	20201107	"FA Women's Super League"	"Reading"	"VT"	990	1	1	0	0	1	0
"20202021"	20201107	"FA Women's Super League"	"Manchester City"	"HT"	990	7	7	0	0	0	0
"20202021"	20201107	"FA Women's Super League"	"Bristol City"	"VT"	990	1	0	0	0	0	0
"20202021"	20201108	"FA Women's Super League"	"Chelsea"	"HT"	990	4	3	0	0	1	0
"20202021"	20201108	"FA Women's Super League"	"Everton"	"VT"	990	0	0	0	0	1	0
"20202021"	20201108	"FA Women's Super League"	"Manchester United"	"HT"	990	1	1	0	0	0	0
"20202021"	20201108	"FA Women's Super League"	"Arsenal"	"VT"	990	0	0	0	0	1	0
"20202021"	20201108	"FA Women's Super League"	"Birmingham City"	"HT"	990	1	1	0	0	1	0
"20202021"	20201108	"FA Women's Super League"	"West Ham United"	"VT"	990	1	1	0	0	2	0
"20202021"	20201108	"FA Women's Super League"	"Brighton & Hove Albion"	"HT"	990	0	0	0	0	4	0
"20202021"	20201108	"FA Women's Super League"	"Aston Villa LFC"	"VT"	990	2	1	0	0	1	0
"20202021"	20201114	"FA Women's Super League"	"Aston Villa LFC"	"HT"	990	0	0	0	0	1	0
"20202021"	20201114	"FA Women's Super League"	"Birmingham City"	"VT"	990	1	0	0	0	1	0
"20202021"	20201114	"FA Women's Super League"	"Everton"	"HT"	990	1	0	0	0	1	0
"20202021"	20201114	"FA Women's Super League"	"Reading"	"VT"	990	1	1	0	0	0	0
"20202021"	20201114	"FA Women's Super League"	"Manchester United"	"HT"	990	2	0	0	0	1	0
"20202021"	20201114	"FA Women's Super League"	"Manchester City"	"VT"	990	2	1	0	0	1	0
"20202021"	20201114	"FA Women's Super League"	"Bristol City"	"HT"	990	2	1	1	1	1	0
"20202021"	20201114	"FA Women's Super League"	"Tottenham"	"VT"	976	2	1	0	0	1	1
"20202021"	20201115	"FA Women's Super League"	"Arsenal"	"HT"	990	1	1	0	0	1	0
"20202021"	20201115	"FA Women's Super League"	"Chelsea"	"VT"	990	0	0	0	0	1	0
"20202021"	20201115	"FA Women's Super League"	"West Ham United"	"HT"	990	0	0	0	0	1	0
"20202021"	20201115	"FA Women's Super League"	"Brighton & Hove Albion"	"VT"	990	1	0	0	0	1	0
"20202021"	20201205	"FA Women's Super League"	"Aston Villa LFC"	"HT"	990	0	0	0	0	1	0
"20202021"	20201205	"FA Women's Super League"	"Manchester United"	"VT"	990	2	1	0	0	0	0
"20202021"	20201206	"FA Women's Super League"	"Arsenal"	"HT"	990	3	2	1	2	0	0
"20202021"	20201206	"FA Women's Super League"	"Birmingham City"	"VT"	990	0	0	0	0	1	0
"20202021"	20201206	"FA Women's Super League"	"Everton"	"HT"	990	0	0	0	0	3	0
"20202021"	20201206	"FA Women's Super League"	"Manchester City"	"VT"	990	3	3	0	0	0	0
"20202021"	20201206	"FA Women's Super League"	"Chelsea"	"HT"	990	3	2	0	0	0	0
"20202021"	20201206	"FA Women's Super League"	"West Ham United"	"VT"	990	1	1	0	0	1	0
"20202021"	20201206	"FA Women's Super League"	"Tottenham"	"HT"	990	3	0	1	1	2	0
"20202021"	20201206	"FA Women's Super League"	"Brighton & Hove Albion"	"VT"	990	1	0	1	1	1	0
"20202021"	20201206	"FA Women's Super League"	"Reading"	"HT"	990	1	0	0	0	1	0
"20202021"	20201206	"FA Women's Super League"	"Bristol City"	"VT"	990	1	1	0	0	0	0
"20202021"	20201209	"FA Women's Super League"	"Bristol City"	"HT"	990	0	0	0	0	1	0
"20202021"	20201209	"FA Women's Super League"	"Aston Villa LFC"	"VT"	990	4	4	0	0	1	0
"20202021"	20201213	"FA Women's Super League"	"Bristol City"	"HT"	990	0	0	0	0	1	0
"20202021"	20201213	"FA Women's Super League"	"West Ham United"	"VT"	990	3	3	0	0	1	0
"20202021"	20201213	"FA Women's Super League"	"Reading"	"HT"	990	0	0	0	0	2	0
"20202021"	20201213	"FA Women's Super League"	"Manchester United"	"VT"	990	2	1	0	0	2	0
"20202021"	20201213	"FA Women's Super League"	"Manchester City"	"HT"	990	2	1	0	0	0	0
"20202021"	20201213	"FA Women's Super League"	"Arsenal"	"VT"	990	1	0	0	0	3	0
"20202021"	20201213	"FA Women's Super League"	"Brighton & Hove Albion"	"HT"	990	0	0	0	0	0	0
"20202021"	20201213	"FA Women's Super League"	"Chelsea"	"VT"	990	1	1	0	0	0	0
"20202021"	20201213	"FA Women's Super League"	"Tottenham"	"HT"	990	2	0	1	1	2	0
"20202021"	20201213	"FA Women's Super League"	"Aston Villa LFC"	"VT"	990	1	0	0	0	1	0
"20202021"	20201220	"FA Women's Super League"	"Arsenal"	"HT"	990	4	4	0	0	0	0
"20202021"	20201220	"FA Women's Super League"	"Everton"	"VT"	990	0	0	0	0	0	0
"20202021"	20201220	"FA Women's Super League"	"Manchester United"	"HT"	990	6	4	0	0	1	0
"20202021"	20201220	"FA Women's Super League"	"Bristol City"	"VT"	990	1	0	0	0	1	0
"20202021"	20201220	"FA Women's Super League"	"Brighton & Hove Albion"	"HT"	990	1	0	1	1	1	0
"20202021"	20201220	"FA Women's Super League"	"Reading"	"VT"	990	3	1	0	0	3	0
"20202021"	20210110	"FA Women's Super League"	"Reading"	"HT"	990	0	0	0	0	2	0
"20202021"	20210110	"FA Women's Super League"	"Chelsea"	"VT"	990	5	3	0	0	0	0
"20202021"	20210117	"FA Women's Super League"	"West Ham United"	"HT"	990	0	0	0	0	2	0
"20202021"	20210117	"FA Women's Super League"	"Tottenham"	"VT"	990	1	1	0	0	1	0
"20202021"	20210117	"FA Women's Super League"	"Reading"	"HT"	990	1	1	0	0	1	0
"20202021"	20210117	"FA Women's Super League"	"Arsenal"	"VT"	990	1	0	0	0	2	0
"20202021"	20210117	"FA Women's Super League"	"Everton"	"HT"	990	4	3	0	0	1	0
"20202021"	20210117	"FA Women's Super League"	"Bristol City"	"VT"	990	0	0	0	0	0	0
"20202021"	20210117	"FA Women's Super League"	"Chelsea"	"HT"	990	2	1	0	0	1	0
"20202021"	20210117	"FA Women's Super League"	"Manchester United"	"VT"	990	1	1	0	0	1	0
"20202021"	20210117	"FA Women's Super League"	"Manchester City"	"HT"	990	6	5	0	0	0	0
"20202021"	20210117	"FA Women's Super League"	"Aston Villa LFC"	"VT"	990	0	0	0	0	0	0
"20202021"	20210117	"FA Women's Super League"	"Birmingham City"	"HT"	990	0	0	0	0	0	0
"20202021"	20210117	"FA Women's Super League"	"Brighton & Hove Albion"	"VT"	990	0	0	0	0	1	0
"20202021"	20210123	"FA Women's Super League"	"Aston Villa LFC"	"HT"	990	2	2	0	0	2	0
"20202021"	20210123	"FA Women's Super League"	"Reading"	"VT"	990	2	1	0	0	0	0
"20202021"	20210124	"FA Women's Super League"	"Brighton & Hove Albion"	"HT"	990	1	0	0	0	0	0
"20202021"	20210124	"FA Women's Super League"	"Manchester City"	"VT"	990	7	5	0	0	0	0
"20202021"	20210124	"FA Women's Super League"	"Manchester United"	"HT"	990	2	1	0	0	3	0
"20202021"	20210124	"FA Women's Super League"	"Birmingham City"	"VT"	990	0	0	0	0	2	0
"20202021"	20210127	"FA Women's Super League"	"Aston Villa LFC"	"HT"	990	0	0	0	0	1	0
"20202021"	20210127	"FA Women's Super League"	"Chelsea"	"VT"	990	4	3	0	0	1	0
"20202021"	20210130	"FA Women's Super League"	"Bristol City"	"HT"	990	3	2	1	1	0	0
"20202021"	20210130	"FA Women's Super League"	"Brighton & Hove Albion"	"VT"	967	0	0	0	0	1	1
"20202021"	20210131	"FA Women's Super League"	"Manchester City"	"HT"	990	4	2	0	0	0	0
"20202021"	20210131	"FA Women's Super League"	"West Ham United"	"VT"	990	0	0	0	0	0	0
"20202021"	20210131	"FA Women's Super League"	"Everton"	"HT"	990	0	0	0	0	2	0
"20202021"	20210131	"FA Women's Super League"	"Manchester United"	"VT"	990	2	1	0	0	0	0
"20202021"	20210131	"FA Women's Super League"	"Chelsea"	"HT"	990	3	2	1	1	0	0
"20202021"	20210131	"FA Women's Super League"	"Tottenham"	"VT"	990	0	0	0	0	0	0
"20202021"	20210206	"FA Women's Super League"	"Aston Villa LFC"	"HT"	990	1	0	0	0	1	0
"20202021"	20210206	"FA Women's Super League"	"Tottenham"	"VT"	990	0	0	0	0	2	0
"20202021"	20210207	"FA Women's Super League"	"Chelsea"	"HT"	990	1	1	0	0	0	0
"20202021"	20210207	"FA Women's Super League"	"Brighton & Hove Albion"	"VT"	990	2	1	0	0	1	0
"20202021"	20210207	"FA Women's Super League"	"Arsenal"	"HT"	990	1	1	0	0	0	0
"20202021"	20210207	"FA Women's Super League"	"Manchester City"	"VT"	990	2	2	0	0	1	0
"20202021"	20210207	"FA Women's Super League"	"Manchester United"	"HT"	990	0	0	0	0	1	0
"20202021"	20210207	"FA Women's Super League"	"Reading"	"VT"	990	2	1	0	0	1	0
"20202021"	20210207	"FA Women's Super League"	"Everton"	"HT"	990	1	0	0	0	1	0
"20202021"	20210207	"FA Women's Super League"	"Birmingham City"	"VT"	990	1	0	0	1	4	0
"20202021"	20210207	"FA Women's Super League"	"West Ham United"	"HT"	990	1	0	0	0	2	0
"20202021"	20210207	"FA Women's Super League"	"Bristol City"	"VT"	990	0	0	0	0	2	0
"20202021"	20210210	"FA Women's Super League"	"Brighton & Hove Albion"	"HT"	990	1	0	0	0	2	0
"20202021"	20210210	"FA Women's Super League"	"West Ham United"	"VT"	990	0	0	0	0	2	0
"20202021"	20210210	"FA Women's Super League"	"Chelsea"	"HT"	990	3	3	0	0	2	0
"20202021"	20210210	"FA Women's Super League"	"Arsenal"	"VT"	990	0	0	0	0	1	0
"20202021"	20210212	"FA Women's Super League"	"Manchester City"	"HT"	990	3	1	0	0	1	0
"20202021"	20210212	"FA Women's Super League"	"Manchester United"	"VT"	990	0	0	0	0	2	0
"20202021"	20210214	"FA Women's Super League"	"Bristol City"	"HT"	990	0	0	0	0	0	0
"20202021"	20210214	"FA Women's Super League"	"Chelsea"	"VT"	990	5	4	0	0	0	0
"20202021"	20210214	"FA Women's Super League"	"Reading"	"HT"	990	1	1	0	0	1	0
"20202021"	20210214	"FA Women's Super League"	"Everton"	"VT"	990	1	1	0	0	1	0
"20202021"	20210228	"FA Women's Super League"	"Tottenham"	"HT"	990	2	1	0	0	2	0
"20202021"	20210228	"FA Women's Super League"	"Everton"	"VT"	990	3	1	2	2	2	0
"20202021"	20210228	"FA Women's Super League"	"Aston Villa LFC"	"HT"	990	0	0	0	0	1	0
"20202021"	20210228	"FA Women's Super League"	"Arsenal"	"VT"	990	4	3	0	0	0	0
"20202021"	20210228	"FA Women's Super League"	"Birmingham City"	"HT"	990	0	0	0	0	1	0
"20202021"	20210228	"FA Women's Super League"	"Manchester City"	"VT"	990	4	3	0	0	0	0
"20202021"	20210307	"FA Women's Super League"	"Manchester United"	"HT"	990	3	2	0	0	1	0
"20202021"	20210307	"FA Women's Super League"	"Aston Villa LFC"	"VT"	990	0	0	0	0	1	0
"20202021"	20210307	"FA Women's Super League"	"Manchester City"	"HT"	990	1	1	0	0	0	0
"20202021"	20210307	"FA Women's Super League"	"Everton"	"VT"	990	0	0	0	0	2	0
"20202021"	20210307	"FA Women's Super League"	"West Ham United"	"HT"	990	0	0	0	0	0	0
"20202021"	20210307	"FA Women's Super League"	"Chelsea"	"VT"	990	2	2	0	0	0	0
"20202021"	20210307	"FA Women's Super League"	"Brighton & Hove Albion"	"HT"	990	2	1	0	0	3	0
"20202021"	20210307	"FA Women's Super League"	"Tottenham"	"VT"	990	0	0	0	0	1	0
"20202021"	20210307	"FA Women's Super League"	"Birmingham City"	"HT"	990	0	0	0	0	0	0
"20202021"	20210307	"FA Women's Super League"	"Arsenal"	"VT"	990	4	4	0	0	1	0
"20202021"	20210308	"FA Women's Super League"	"Bristol City"	"HT"	990	3	3	0	0	1	0
"20202021"	20210308	"FA Women's Super League"	"Reading"	"VT"	989	2	1	0	0	2	1
"20202021"	20210311	"FA Women's Super League"	"Birmingham City"	"HT"	990	0	0	0	0	1	0
"20202021"	20210311	"FA Women's Super League"	"Everton"	"VT"	990	4	3	0	0	1	0
"20202021"	20210314	"FA Women's Super League"	"Reading"	"HT"	990	0	0	0	0	1	0
"20202021"	20210314	"FA Women's Super League"	"Tottenham"	"VT"	990	0	0	0	0	0	0
"20202021"	20210317	"FA Women's Super League"	"West Ham United"	"HT"	990	2	1	0	0	1	0
"20202021"	20210317	"FA Women's Super League"	"Birmingham City"	"VT"	990	2	1	0	0	1	0
"20202021"	20210317	"FA Women's Super League"	"Aston Villa LFC"	"HT"	990	0	0	0	0	3	0
"20202021"	20210317	"FA Women's Super League"	"Brighton & Hove Albion"	"VT"	990	2	0	1	1	0	0
"20202021"	20210317	"FA Women's Super League"	"Bristol City"	"HT"	990	0	0	0	0	0	0
"20202021"	20210317	"FA Women's Super League"	"Manchester City"	"VT"	990	3	2	0	0	1	0
"20202021"	20210317	"FA Women's Super League"	"Everton"	"HT"	990	0	0	0	0	1	0
"20202021"	20210317	"FA Women's Super League"	"Chelsea"	"VT"	990	3	2	0	1	1	0
"20202021"	20210319	"FA Women's Super League"	"Arsenal"	"HT"	961	1	1	0	0	4	1
"20202021"	20210319	"FA Women's Super League"	"Manchester United"	"VT"	990	0	0	0	0	0	0
"20202021"	20210321	"FA Women's Super League"	"Tottenham"	"HT"	990	1	0	0	0	3	0
"20202021"	20210321	"FA Women's Super League"	"Bristol City"	"VT"	990	1	1	0	0	1	0
"20202021"	20210327	"FA Women's Super League"	"Tottenham"	"HT"	990	0	0	0	0	1	0
"20202021"	20210327	"FA Women's Super League"	"Arsenal"	"VT"	990	3	2	0	0	1	0
"20202021"	20210327	"FA Women's Super League"	"Manchester United"	"HT"	990	2	2	0	0	4	0
"20202021"	20210327	"FA Women's Super League"	"West Ham United"	"VT"	976	0	0	0	0	2	1
"20202021"	20210327	"FA Women's Super League"	"Manchester City"	"HT"	990	1	1	0	0	1	0
"20202021"	20210327	"FA Women's Super League"	"Reading"	"VT"	990	0	0	0	0	5	0
"20202021"	20210328	"FA Women's Super League"	"Birmingham City"	"HT"	990	1	1	0	0	2	0
"20202021"	20210328	"FA Women's Super League"	"Bristol City"	"VT"	990	1	0	0	0	3	0
"20202021"	20210328	"FA Women's Super League"	"Brighton & Hove Albion"	"HT"	990	0	0	0	0	1	0
"20202021"	20210328	"FA Women's Super League"	"Everton"	"VT"	990	5	4	1	1	2	0
"20202021"	20210328	"FA Women's Super League"	"Chelsea"	"HT"	990	2	2	0	0	0	0
"20202021"	20210328	"FA Women's Super League"	"Aston Villa LFC"	"VT"	990	0	0	0	0	1	0
"20202021"	20210403	"FA Women's Super League"	"Reading"	"HT"	990	0	0	0	0	1	0
"20202021"	20210403	"FA Women's Super League"	"West Ham United"	"VT"	990	5	5	0	0	2	0
"20202021"	20210404	"FA Women's Super League"	"Chelsea"	"HT"	990	6	4	0	0	1	0
"20202021"	20210404	"FA Women's Super League"	"Birmingham City"	"VT"	990	0	0	0	0	1	0
"20202021"	20210404	"FA Women's Super League"	"Bristol City"	"HT"	990	0	0	0	0	0	0
"20202021"	20210404	"FA Women's Super League"	"Arsenal"	"VT"	990	4	2	0	0	0	0
"20202021"	20210404	"FA Women's Super League"	"Tottenham"	"HT"	990	0	0	0	0	0	0
"20202021"	20210404	"FA Women's Super League"	"Manchester City"	"VT"	990	2	2	0	0	0	0
"20202021"	20210404	"FA Women's Super League"	"Brighton & Hove Albion"	"HT"	990	1	0	1	1	1	0
"20202021"	20210404	"FA Women's Super League"	"Manchester United"	"VT"	990	0	0	0	0	1	0
"20202021"	20210404	"FA Women's Super League"	"Everton"	"HT"	990	3	1	1	2	0	0
"20202021"	20210404	"FA Women's Super League"	"Aston Villa LFC"	"VT"	990	1	1	0	0	4	0
"20202021"	20210420	"FA Women's Super League"	"West Ham United"	"HT"	990	0	0	0	0	2	0
"20202021"	20210420	"FA Women's Super League"	"Aston Villa LFC"	"VT"	990	0	0	0	0	4	0
"20202021"	20210421	"FA Women's Super League"	"Manchester City"	"HT"	990	2	1	0	0	1	0
"20202021"	20210421	"FA Women's Super League"	"Chelsea"	"VT"	990	2	1	1	1	0	0
"20202021"	20210424	"FA Women's Super League"	"Aston Villa LFC"	"HT"	990	1	1	0	0	2	0
"20202021"	20210424	"FA Women's Super League"	"Bristol City"	"VT"	990	2	1	0	0	1	0
"20202021"	20210425	"FA Women's Super League"	"Manchester United"	"HT"	990	4	2	1	1	2	0
"20202021"	20210425	"FA Women's Super League"	"Tottenham"	"VT"	990	1	0	0	0	2	0
"20202021"	20210425	"FA Women's Super League"	"Arsenal"	"HT"	990	2	1	0	0	2	0
"20202021"	20210425	"FA Women's Super League"	"Brighton & Hove Albion"	"VT"	990	0	0	0	0	0	0
"20202021"	20210425	"FA Women's Super League"	"Birmingham City"	"HT"	990	1	0	0	0	1	0
"20202021"	20210425	"FA Women's Super League"	"Reading"	"VT"	990	1	0	0	0	2	0
"20202021"	20210425	"FA Women's Super League"	"West Ham United"	"HT"	990	0	0	0	0	0	0
"20202021"	20210425	"FA Women's Super League"	"Everton"	"VT"	990	0	0	0	0	1	0
"20202021"	20210428	"FA Women's Super League"	"Arsenal"	"HT"	990	2	2	0	0	1	0
"20202021"	20210428	"FA Women's Super League"	"West Ham United"	"VT"	990	0	0	0	0	0	0
"20202021"	20210428	"FA Women's Super League"	"Birmingham City"	"HT"	990	1	0	0	0	2	0
"20202021"	20210428	"FA Women's Super League"	"Aston Villa LFC"	"VT"	990	1	0	0	0	2	0
"20202021"	20210502	"FA Women's Super League"	"Everton"	"HT"	990	1	1	0	0	2	0
"20202021"	20210502	"FA Women's Super League"	"Arsenal"	"VT"	990	2	0	1	1	1	0
"20202021"	20210502	"FA Women's Super League"	"Bristol City"	"HT"	990	0	0	0	0	2	0
"20202021"	20210502	"FA Women's Super League"	"Manchester United"	"VT"	990	0	0	0	0	1	0
"20202021"	20210502	"FA Women's Super League"	"Reading"	"HT"	990	3	2	1	1	0	0
"20202021"	20210502	"FA Women's Super League"	"Brighton & Hove Albion"	"VT"	990	2	1	0	0	0	0
"20202021"	20210502	"FA Women's Super League"	"Manchester City"	"HT"	990	4	2	0	1	0	0
"20202021"	20210502	"FA Women's Super League"	"Birmingham City"	"VT"	990	0	0	0	0	0	0
"20202021"	20210502	"FA Women's Super League"	"Aston Villa LFC"	"HT"	990	0	0	0	0	1	0
"20202021"	20210502	"FA Women's Super League"	"West Ham United"	"VT"	990	0	0	0	0	0	0
"20202021"	20210505	"FA Women's Super League"	"Tottenham"	"HT"	990	0	0	0	0	1	0
"20202021"	20210505	"FA Women's Super League"	"Chelsea"	"VT"	990	2	1	0	0	0	0
"20202021"	20210509	"FA Women's Super League"	"Birmingham City"	"HT"	990	0	0	0	0	1	0
"20202021"	20210509	"FA Women's Super League"	"Tottenham"	"VT"	990	1	1	0	0	0	0
"20202021"	20210509	"FA Women's Super League"	"Chelsea"	"HT"	990	5	4	0	0	0	0
"20202021"	20210509	"FA Women's Super League"	"Reading"	"VT"	990	0	0	0	0	0	0
"20202021"	20210509	"FA Women's Super League"	"West Ham United"	"HT"	990	0	0	0	0	1	0
"20202021"	20210509	"FA Women's Super League"	"Manchester City"	"VT"	990	1	1	0	2	0	0
"20202021"	20210509	"FA Women's Super League"	"Brighton & Hove Albion"	"HT"	990	3	1	0	0	2	0
"20202021"	20210509	"FA Women's Super League"	"Bristol City"	"VT"	990	1	1	0	0	1	0
"20202021"	20210509	"FA Women's Super League"	"Manchester United"	"HT"	990	2	2	0	0	0	0
"20202021"	20210509	"FA Women's Super League"	"Everton"	"VT"	990	0	0	0	0	1	0
"20202021"	20210509	"FA Women's Super League"	"Arsenal"	"HT"	990	0	0	0	0	0	0
"20202021"	20210509	"FA Women's Super League"	"Aston Villa LFC"	"VT"	990	0	0	0	0	0	0
"20212022"	20210903	"FA Women's Super League"	"Manchester United"	"HT"	990	2	2	0	0	1	0
"20212022"	20210903	"FA Women's Super League"	"Reading"	"VT"	990	0	0	0	0	0	0
"20212022"	20210904	"FA Women's Super League"	"Aston Villa LFC"	"HT"	990	2	0	0	0	2	0
"20212022"	20210904	"FA Women's Super League"	"Leicester City WFC"	"VT"	990	1	1	0	0	3	0
"20212022"	20210904	"FA Women's Super League"	"Everton"	"HT"	990	0	0	0	0	1	0
"20212022"	20210904	"FA Women's Super League"	"Manchester City"	"VT"	990	4	2	0	0	0	0
"20212022"	20210904	"FA Women's Super League"	"Tottenham"	"HT"	990	1	1	0	0	0	0
"20212022"	20210904	"FA Women's Super League"	"Birmingham City"	"VT"	990	0	0	0	0	2	0
"20212022"	20210905	"FA Women's Super League"	"Brighton & Hove Albion"	"HT"	990	2	0	1	1	1	0
"20212022"	20210905	"FA Women's Super League"	"West Ham United"	"VT"	931	0	0	0	0	2	1
"20212022"	20210905	"FA Women's Super League"	"Arsenal"	"HT"	990	3	3	0	0	2	0
"20212022"	20210905	"FA Women's Super League"	"Chelsea"	"VT"	990	2	2	0	0	1	0
"20212022"	20210911	"FA Women's Super League"	"West Ham United"	"HT"	990	1	1	0	0	1	0
"20212022"	20210911	"FA Women's Super League"	"Aston Villa LFC"	"VT"	990	1	1	0	0	1	0
"20212022"	20210912	"FA Women's Super League"	"Reading"	"HT"	990	0	0	0	0	1	0
"20212022"	20210912	"FA Women's Super League"	"Arsenal"	"VT"	990	4	3	0	0	1	0
"20212022"	20210912	"FA Women's Super League"	"Manchester City"	"HT"	990	1	1	0	0	1	0
"20212022"	20210912	"FA Women's Super League"	"Tottenham"	"VT"	990	1	1	0	0	1	0
"20212022"	20210912	"FA Women's Super League"	"Chelsea"	"HT"	990	4	2	0	0	1	0
"20212022"	20210912	"FA Women's Super League"	"Everton"	"VT"	990	0	0	0	0	0	0
"20212022"	20210912	"FA Women's Super League"	"Birmingham City"	"HT"	990	0	0	0	0	0	0
"20212022"	20210912	"FA Women's Super League"	"Brighton & Hove Albion"	"VT"	990	5	3	1	1	2	0
"20212022"	20210912	"FA Women's Super League"	"Leicester City WFC"	"HT"	990	1	0	0	0	2	0
"20212022"	20210912	"FA Women's Super League"	"Manchester United"	"VT"	990	3	1	0	0	1	0
"20212022"	20210925	"FA Women's Super League"	"Everton"	"HT"	990	3	2	0	0	0	0
"20212022"	20210925	"FA Women's Super League"	"Birmingham City"	"VT"	990	1	1	0	0	0	0
"20212022"	20210926	"FA Women's Super League"	"Arsenal"	"HT"	990	5	3	1	1	1	0
"20212022"	20210926	"FA Women's Super League"	"Manchester City"	"VT"	990	0	0	0	0	1	0
"20212022"	20210926	"FA Women's Super League"	"Manchester United"	"HT"	990	1	1	0	0	0	0
"20212022"	20210926	"FA Women's Super League"	"Chelsea"	"VT"	990	6	4	0	0	0	0
"20212022"	20210926	"FA Women's Super League"	"West Ham United"	"HT"	990	2	2	0	0	0	0
"20212022"	20210926	"FA Women's Super League"	"Leicester City WFC"	"VT"	990	0	0	0	0	0	0
"20212022"	20210926	"FA Women's Super League"	"Tottenham"	"HT"	990	1	1	0	0	2	0
"20212022"	20210926	"FA Women's Super League"	"Reading"	"VT"	990	0	0	0	0	1	0
"20212022"	20210926	"FA Women's Super League"	"Brighton & Hove Albion"	"HT"	990	0	0	0	0	0	0
"20212022"	20210926	"FA Women's Super League"	"Aston Villa LFC"	"VT"	990	1	1	0	0	0	0
"20212022"	20211002	"FA Women's Super League"	"Aston Villa LFC"	"HT"	990	0	0	0	0	1	0
"20212022"	20211002	"FA Women's Super League"	"Arsenal"	"VT"	990	4	3	0	0	0	0
"20212022"	20211002	"FA Women's Super League"	"Chelsea"	"HT"	990	3	3	0	0	2	0
"20212022"	20211002	"FA Women's Super League"	"Brighton & Hove Albion"	"VT"	990	1	1	0	0	1	0
"20212022"	20211003	"FA Women's Super League"	"Leicester City WFC"	"HT"	990	0	0	0	0	1	0
"20212022"	20211003	"FA Women's Super League"	"Tottenham"	"VT"	990	2	2	0	0	1	0
"20212022"	20211003	"FA Women's Super League"	"Manchester City"	"HT"	990	0	0	0	0	0	0
"20212022"	20211003	"FA Women's Super League"	"West Ham United"	"VT"	990	2	1	0	0	1	0
"20212022"	20211003	"FA Women's Super League"	"Birmingham City"	"HT"	990	0	0	0	0	0	0
"20212022"	20211003	"FA Women's Super League"	"Manchester United"	"VT"	990	2	2	0	0	2	0
"20212022"	20211003	"FA Women's Super League"	"Reading"	"HT"	990	0	0	0	0	1	0
"20212022"	20211003	"FA Women's Super League"	"Everton"	"VT"	990	3	1	0	1	0	0
"20212022"	20211009	"FA Women's Super League"	"Manchester United"	"HT"	990	2	2	0	0	0	0
"20212022"	20211009	"FA Women's Super League"	"Manchester City"	"VT"	934	2	1	0	0	1	1
"20212022"	20211010	"FA Women's Super League"	"West Ham United"	"HT"	990	1	1	0	0	2	0
"20212022"	20211010	"FA Women's Super League"	"Birmingham City"	"VT"	990	1	0	0	0	0	0
"20212022"	20211010	"FA Women's Super League"	"Brighton & Hove Albion"	"HT"	990	2	1	0	0	2	0
"20212022"	20211010	"FA Women's Super League"	"Tottenham"	"VT"	975	1	0	0	0	2	1
"20212022"	20211010	"FA Women's Super League"	"Arsenal"	"HT"	990	3	1	0	0	0	0
"20212022"	20211010	"FA Women's Super League"	"Everton"	"VT"	990	0	0	0	0	0	0
"20212022"	20211010	"FA Women's Super League"	"Chelsea"	"HT"	990	2	2	0	0	0	0
"20212022"	20211010	"FA Women's Super League"	"Leicester City WFC"	"VT"	990	0	0	0	0	1	0
"20212022"	20211010	"FA Women's Super League"	"Reading"	"HT"	990	3	3	0	0	1	0
"20212022"	20211010	"FA Women's Super League"	"Aston Villa LFC"	"VT"	990	0	0	0	0	0	0
"20212022"	20211106	"FA Women's Super League"	"Aston Villa LFC"	"HT"	990	0	0	0	0	1	0
"20212022"	20211106	"FA Women's Super League"	"Chelsea"	"VT"	990	1	1	0	0	2	0
"20212022"	20211106	"FA Women's Super League"	"Everton"	"HT"	990	0	0	0	0	1	0
"20212022"	20211106	"FA Women's Super League"	"Brighton & Hove Albion"	"VT"	990	1	0	0	0	2	0
"20212022"	20211107	"FA Women's Super League"	"Tottenham"	"HT"	990	1	0	0	0	2	0
"20212022"	20211107	"FA Women's Super League"	"Manchester United"	"VT"	990	1	0	0	0	1	0
"20212022"	20211107	"FA Women's Super League"	"Arsenal"	"HT"	990	3	0	0	0	1	0
"20212022"	20211107	"FA Women's Super League"	"West Ham United"	"VT"	990	0	0	0	0	1	0
"20212022"	20211107	"FA Women's Super League"	"Birmingham City"	"HT"	990	0	0	0	0	1	0
"20212022"	20211107	"FA Women's Super League"	"Reading"	"VT"	990	3	0	0	0	2	0
"20212022"	20211107	"FA Women's Super League"	"Leicester City WFC"	"HT"	990	1	0	0	0	1	0
"20212022"	20211107	"FA Women's Super League"	"Manchester City"	"VT"	990	4	1	0	0	0	0
"20212022"	20211113	"FA Women's Super League"	"Tottenham"	"HT"	990	1	0	0	0	3	0
"20212022"	20211113	"FA Women's Super League"	"Arsenal"	"VT"	990	1	1	0	0	1	0
"20212022"	20211114	"FA Women's Super League"	"Everton"	"HT"	990	1	0	0	0	1	0
"20212022"	20211114	"FA Women's Super League"	"Manchester United"	"VT"	990	1	1	0	0	1	0
"20212022"	20211114	"FA Women's Super League"	"Birmingham City"	"HT"	990	0	0	0	0	2	0
"20212022"	20211114	"FA Women's Super League"	"Aston Villa LFC"	"VT"	990	1	0	0	0	3	0
"20212022"	20211114	"FA Women's Super League"	"Brighton & Hove Albion"	"HT"	990	1	0	0	0	0	0
"20212022"	20211114	"FA Women's Super League"	"Leicester City WFC"	"VT"	990	0	0	0	0	2	0
"20212022"	20211114	"FA Women's Super League"	"West Ham United"	"HT"	990	2	2	0	0	1	0
"20212022"	20211114	"FA Women's Super League"	"Reading"	"VT"	990	1	1	0	0	3	0
"20212022"	20211114	"FA Women's Super League"	"Manchester City"	"HT"	990	0	0	0	0	1	0
"20212022"	20211114	"FA Women's Super League"	"Chelsea"	"VT"	990	4	0	0	0	0	0
"20212022"	20211120	"FA Women's Super League"	"Manchester City"	"HT"	990	5	0	0	0	0	0
"20212022"	20211120	"FA Women's Super League"	"Aston Villa LFC"	"VT"	990	0	0	0	0	0	0
"20212022"	20211121	"FA Women's Super League"	"Manchester United"	"HT"	990	0	0	0	0	1	0
"20212022"	20211121	"FA Women's Super League"	"Arsenal"	"VT"	990	2	1	1	1	1	0
"20212022"	20211121	"FA Women's Super League"	"Leicester City WFC"	"HT"	990	0	0	0	0	1	0
"20212022"	20211121	"FA Women's Super League"	"Everton"	"VT"	990	1	0	0	0	0	0
"20212022"	20211121	"FA Women's Super League"	"Chelsea"	"HT"	990	5	2	0	0	1	0
"20212022"	20211121	"FA Women's Super League"	"Birmingham City"	"VT"	990	0	0	0	0	1	0
"20212022"	20211121	"FA Women's Super League"	"West Ham United"	"HT"	990	1	0	0	0	1	0
"20212022"	20211121	"FA Women's Super League"	"Tottenham"	"VT"	990	0	0	0	0	4	0
"20212022"	20211121	"FA Women's Super League"	"Reading"	"HT"	990	2	0	0	0	0	0
"20212022"	20211121	"FA Women's Super League"	"Brighton & Hove Albion"	"VT"	990	0	0	0	0	0	0
"20212022"	20211211	"FA Women's Super League"	"Reading"	"HT"	990	1	0	0	0	1	0
"20212022"	20211211	"FA Women's Super League"	"Chelsea"	"VT"	990	0	0	0	0	0	0
"20212022"	20211212	"FA Women's Super League"	"Arsenal"	"HT"	990	4	4	0	0	1	0
"20212022"	20211212	"FA Women's Super League"	"Leicester City WFC"	"VT"	942	0	0	0	0	4	1
"20212022"	20211212	"FA Women's Super League"	"Brighton & Hove Albion"	"HT"	990	0	0	0	0	1	0
"20212022"	20211212	"FA Women's Super League"	"Manchester United"	"VT"	990	2	2	0	0	0	0
"20212022"	20211212	"FA Women's Super League"	"Everton"	"HT"	990	1	0	0	0	2	0
"20212022"	20211212	"FA Women's Super League"	"West Ham United"	"VT"	990	1	0	0	0	1	0
"20212022"	20211212	"FA Women's Super League"	"Aston Villa LFC"	"HT"	990	1	0	0	0	2	0
"20212022"	20211212	"FA Women's Super League"	"Tottenham"	"VT"	990	2	0	1	1	2	0
"20212022"	20211212	"FA Women's Super League"	"Birmingham City"	"HT"	990	2	0	1	1	1	0
"20212022"	20211212	"FA Women's Super League"	"Manchester City"	"VT"	990	3	0	0	0	2	0
"20212022"	20211219	"FA Women's Super League"	"Tottenham"	"HT"	990	1	0	0	0	2	0
"20212022"	20211219	"FA Women's Super League"	"Everton"	"VT"	990	0	0	0	0	2	0
"20212022"	20211219	"FA Women's Super League"	"Manchester United"	"HT"	990	5	3	1	1	2	0
"20212022"	20211219	"FA Women's Super League"	"Aston Villa LFC"	"VT"	990	0	0	0	0	3	0
"20212022"	20211219	"FA Women's Super League"	"Leicester City WFC"	"HT"	990	2	0	0	0	2	0
"20212022"	20211219	"FA Women's Super League"	"Birmingham City"	"VT"	990	0	0	0	0	1	0
